llave,jornada,nombre,region,zona,mes,num_cajeros,porc_menor_1m,porc_mayor_1m,porc_otros
2100002,21,0 - Oficina Principal,Bogota Sur,Teusaquillo,201911,3,0.60503937007874,0.353385826771654,0.0415748031496063
2100022,21,2 - Centro ADM CAN,Bogota Sur,Calle 26,201911,3,0.636412078152753,0.339964476021314,0.0236234458259325
2100052,21,5 - Suba,Bogota Norte,Noroccidente,201911,3,0.693196892173584,0.281599393594846,0.025203714231571
2100062,21,6 - Cedritos,Bogota Norte,Santa Barbara,201911,3,0.641982622432859,0.337875197472354,0.0201421800947867
2100072,21,7 - Antiguo Country,Bogota Norte,Carrera Septima,201911,3,0.718789407313997,0.271752837326608,0.0094577553593947
2100082,21,8 - El Chico,Bogota Norte,Carrera Septima,201911,2,0.719857182092832,0.262290579511123,0.017852238396045
2100092,21,9 - Calle 100,Bogota Norte,Carrera Septima,201911,5,0.702362204724409,0.28248031496063,0.0151574803149606
2100102,21,10 - Avenida Caracas,Bogota Sur,Centro Oriental,201911,2,0.591118800461361,0.396193771626298,0.0126874279123414
2100112,21,11 - Bacata Funza,Central,Sabana,201911,3,0.718846549948507,0.262174488745035,0.0189789613064587
2100122,21,12 - Pasadena,Bogota Norte,Calle 72,201911,3,0.662425149700599,0.318363273453094,0.0192115768463074
2100132,21,13 - Galan,Oriente,Magdalena Medio,201911,3,0.63716814159292,0.341463414634146,0.0213684437729333
2100142,21,14 - Los Heroes,Bogota Norte,Calle 72,201911,3,0.670809028658382,0.279229013441542,0.0499619579000761
2100152,21,15 - Centro Comercial Calima Bogota,Bogota Sur,Teusaquillo,201911,3,0.585807109185884,0.397630271372149,0.0165626194419671
2100162,21,16 - Cota,Bogota Norte,Noroccidente,201911,4,0.705541770057899,0.28110599078341,0.0133522391586908
2100172,21,17 - CUAN,Bogota Sur,Calle 26,201911,3,0.658701532912534,0.311541929666366,0.0297565374211001
2100182,21,18 - Zona Industrial Montevideo,Bogota Sur,Zona Industrial,201911,3,0.712480252764613,0.255924170616114,0.0315955766192733
2100192,21,19 - Barrio Restrepo,Bogota Sur,Sur Oriente,201911,4,0.631706621004566,0.335616438356164,0.0326769406392694
2100202,21,20 - San Jose,Bogota Sur,Zona Industrial,201911,3,0.704942290618526,0.264575318141462,0.0304823912400118
2100212,21,21 - Veinte de Julio,Bogota Sur,Sur Oriente,201911,4,0.713833414515344,0.260472479298587,0.0256941061860692
2100222,21,22 - Venecia,Bogota Sur,Autopista Sur,201911,3,0.663631396831178,0.318703332726279,0.0176652704425423
2100232,21,23 - Modelia,Bogota Sur,Calle 26,201911,3,0.662888122227698,0.323147691802201,0.0139641859701002
2100242,21,24 - Centro Comercial Diver plaza,Bogota Norte,Occidental,201911,3,0.691411798125178,0.289461225262759,0.0191269766120633
2100252,21,25 - Plaza de las Americas,Bogota Sur,Occidente,201911,3,0.624075248361869,0.35573874445149,0.0201860071866413
2100262,21,26 - Santuario 20 de Julio,Bogota Sur,Sur Oriente,201911,3,0.677634378102397,0.296411856474259,0.0259537654233442
2100272,21,27 - Carvajal,Bogota Sur,Occidente,201911,3,0.633311389071758,0.353522053982884,0.0131665569453588
2100282,21,28 - Calle 13 Carrera 30,Bogota Sur,Teusaquillo,201911,3,0.706105662764948,0.284087314141095,0.00980702309395761
2100302,21,30 - Gaitana,Bogota Norte,Noroccidente,201911,3,0.716921119592875,0.26412213740458,0.0189567430025445
2100322,21,32 - Carrera 24 N 26-01,Bogota Sur,Teusaquillo,201911,3,0.720284102778358,0.262795069981199,0.0169208272404429
2100332,21,33 - Andes,Bogota Sur,Centro Oriental,201911,3,0.657888813864506,0.318028359216745,0.0240828269187486
2100342,21,34 - Parque Santander,Bogota Sur,Centro Oriental,201911,3,0.676232394366197,0.307042253521127,0.0167253521126761
2100352,21,35 - Avenida 19,Bogota Sur,Centro Oriental,201911,4,0.695182094081942,0.281107738998483,0.0237101669195751
2100362,21,36 - Carrera 10 Calle 17,Bogota Sur,Centro Oriental,201911,4,0.721933246640659,0.263112267013437,0.0149544863459038
2100372,21,37 - Carrera 47,Bogota Sur,Teusaquillo,201911,3,0.697512206463613,0.281329923273657,0.0211578702627296
2100382,21,38 - Avenida Chile,Bogota Norte,Calle 72,201911,3,0.73145197997269,0.247837960855712,0.0207100591715976
2100392,21,39 - Parque El Virrey,Bogota Norte,Carrera Septima,201911,4,0.706531464360274,0.280495079033701,0.0129734566060245
2100402,21,40 - Chapinero,Bogota Norte,Chapinero,201911,3,0.729739191318047,0.24417994048661,0.026080868195344
2100412,21,41 - Calle 54 N 10-73,Bogota Norte,Chapinero,201911,3,0.729721549636804,0.248789346246973,0.0214891041162228
2100432,21,43 - Universidad Javeriana,Bogota Sur,Teusaquillo,201911,2,0.767967145790554,0.22299794661191,0.00903490759753593
2100442,21,44 - Ilarco,Bogota Norte,Noroccidente,201911,3,0.682622504537205,0.299682395644283,0.0176950998185118
2100452,21,45 - Central de Abastos,Bogota Sur,Occidente,201911,4,0.484742371185593,0.506253126563282,0.00900450225112556
2100462,21,46 - Ciudad Salitre,Bogota Sur,Calle 26,201911,4,0.656339762002462,0.328272466146902,0.015387771850636
2100472,21,47 - Unicentro Bogota Entrada Principal,Bogota Norte,Santa Barbara,201911,2,0.569472056549591,0.420145791915176,0.010382151535233
2100492,21,49 - El Castillo,Bogota Norte,Calle 72,201911,4,0.714389140271493,0.273484162895928,0.0121266968325792
2100502,21,50 - El Nogal,Bogota Norte,Calle 72,201911,2,0.736030341340076,0.249304677623262,0.0146649810366625
2100512,21,51 - Las Aguas,Bogota Sur,Centro Oriental,201911,3,0.700691121743753,0.273790536948432,0.025518341307815
2100522,21,52 - Central San Martin,Bogota Sur,Teusaquillo,201911,3,0.732518232518233,0.259116259116259,0.00836550836550837
2100542,21,54 - Paloquemao,Bogota Sur,Teusaquillo,201911,3,0.627657607690886,0.362728785357737,0.00961360695137734
2100552,21,55 - Calle 9a. Carrera 34,Bogota Sur,Zona Industrial,201911,3,0.622742988859009,0.366308106031502,0.0109489051094891
2100562,21,56 - Carrera 11 N 68-09,Bogota Norte,Chapinero,201911,3,0.687434279705573,0.289957939011567,0.0226077812828602
2100572,21,57 - Ricaurte,Bogota Sur,Zona Industrial,201911,3,0.645511482254697,0.341753653444676,0.0127348643006263
2100582,21,58 - San Agustin,Bogota Sur,Centro Oriental,201911,2,0.61044437236458,0.376256892637042,0.0132987349983782
2100592,21,59 - Mesitas del Colegio,Central,Cundinamarca,201911,2,0.682973490024597,0.297075703744192,0.0199508062312107
2100602,21,60 - Kennedy,Bogota Sur,Occidente,201911,3,0.688863185723728,0.291804362194316,0.0193324520819564
2100612,21,61 - Centro IND. Cazuca,Bogota Sur,Autopista Sur,201911,3,0.682043343653251,0.302786377708978,0.0151702786377709
2100622,21,62 - San Diego,Bogota Sur,Calle 26,201911,4,0.698202459791864,0.280794701986755,0.0210028382213813
2100634,21,63 - Oficina de Recaudos y Pagos Centro Comercial Iserra 100,Bogota Norte,No hay informacion,201911,3,0.744304411051866,0.251575375666505,0.0041202132816287
2100642,21,64 - Centro Comercial El Portico,Central,Cundinamarca,201911,2,0.693499238191976,0.289740985271712,0.0167597765363129
2100662,21,66 - Pacho,Central,Sabana,201911,2,0.750517063081696,0.231902792140641,0.0175801447776629
2100672,21,67 - Tabio,Central,Cundinamarca,201911,2,0.763612565445026,0.213350785340314,0.0230366492146597
2100682,21,68 - San Victorino,Bogota Sur,Centro Oriental,201911,2,0.627126654064272,0.362948960302457,0.00992438563327032
2100712,21,71 - Avenida 6a. Carrera 22,Bogota Sur,Centro Oriental,201911,3,0.607953404298052,0.380598513757783,0.0114480819441655
2100722,21,72 - El Lago,Bogota Norte,Chapinero,201911,3,0.729383506805444,0.257806244995997,0.0128102481985588
2100732,21,73 - Techo Bavaria,Bogota Sur,Occidente,201911,3,0.662832494608196,0.324047447879224,0.0131200575125809
2100742,21,74 - Avenida Las Penitas,Costa,Sucre,201911,2,0.636148382004736,0.335438042620363,0.0284135753749013
2100752,21,75 - Galerias,Bogota Norte,Chapinero,201911,4,0.628470171293562,0.345097460129947,0.0264323685764914
2100762,21,76 - Centro Comercial Centro Norte,Oriente,Boyaca,201911,2,0.681466030989273,0.263706793802145,0.0548271752085817
2100772,21,77 - Santa Teresita,Bogota Sur,Teusaquillo,201911,2,0.628811524609844,0.343577430972389,0.0276110444177671
2100782,21,78 - Metropolis,Bogota Norte,Calle 72,201911,3,0.668998464425866,0.312745265313087,0.0182562702610476
2100792,21,79 - La Clarita,Bogota Norte,Occidental,201911,4,0.689752555137171,0.291285637439484,0.0189618074233459
2100802,21,80 - Santa Barbara,Bogota Norte,Santa Barbara,201911,2,0.706934306569343,0.28029197080292,0.0127737226277372
2100812,21,81 - Siete de Agosto,Bogota Norte,Chapinero,201911,4,0.680697823303457,0.303137003841229,0.0161651728553137
2100822,21,82 - Avenida Calle 68,Bogota Norte,Occidental,201911,4,0.707135494216012,0.273508189210858,0.0193563165731302
2100832,21,83 - Avenida Ciudad de Quito,Bogota Norte,Occidental,201911,4,0.698449474247015,0.279807520941009,0.0217430048119765
2100842,21,84 - Avenida Pepe Sierra,Bogota Norte,Santa Barbara,201911,4,0.675905230219043,0.297720160929817,0.0263746088511399
2100852,21,85 - Centro Comercial Santa Fe,Bogota Norte,Autopista Nororiental,201911,3,0.614762058918744,0.358044674651991,0.0271932664292651
2100862,21,86 - Centro Comercial Bulevar Niza,Bogota Norte,Noroccidente,201911,4,0.632746955345061,0.350744248985115,0.0165087956698241
2100872,21,87 - Calle 72,Costa,Barranquilla Centro,201911,2,0.779866435814989,0.197872866683156,0.0222606975018551
2100882,21,88 - Centro Comercial Viva Wajira,Costa,Magdalena - Guajira,201911,2,0.62149196449988,0.352842408251379,0.0256656272487407
2100892,21,89 - Autopista del Sur,Bogota Sur,Autopista Sur,201911,3,0.661177838047269,0.325455249903138,0.0133669120495932
2100912,21,91 - Loperena - Valledupar,Costa,Cesar,201911,3,0.680961289394158,0.2581666426824,0.0608720679234422
2100922,21,92 - Fontibon,Bogota Sur,Occidente,201911,4,0.683217916605275,0.277147487844408,0.0396345955503168
2100932,21,93 - Funza,Central,Sabana,201911,3,0.724750957854406,0.247509578544061,0.0277394636015326
2100942,21,94 - Mosquera,Central,Cundinamarca,201911,4,0.700013500742541,0.270284865667612,0.0297016335898474
2100952,21,95 - Las Americas,Bogota Sur,Teusaquillo,201911,3,0.685274302213667,0.299326275264678,0.0153994225216554
2100962,21,96 - Calle 82,Costa,Barranquilla Norte,201911,2,0.723459347488348,0.23459347488348,0.0419471776281719
2100972,21,97 - Centro Comercial Mall Plaza,Costa,Bolivar - San Andres/Prov.,201911,2,0.684635530336098,0.281318201658664,0.0340462680052379
2100982,21,98 - Centro Civico Barranquilla,Costa,Barranquilla Centro,201911,2,0.712346760070053,0.244964973730298,0.0426882661996497
2101022,21,102 - Avenida Primera,Bogota Sur,Zona Industrial,201911,3,0.637978142076503,0.342440801457195,0.0195810564663024
2101032,21,103 - Ciudad Montes,Bogota Sur,Zona Industrial,201911,3,0.673958697934897,0.30154007700385,0.0245012250612531
2101042,21,104 - Abejorral,Antioquia,Municipios Antioquia,201911,2,0.847595607724347,0.148049981067777,0.00435441120787581
2101052,21,105 - Versalles,Occidente,Cali Aeropuerto,201911,2,0.683608640406607,0.278271918678526,0.0381194409148666
2101062,21,106 - Parque Nacional,Bogota Sur,Teusaquillo,201911,3,0.674732006125574,0.278713629402757,0.0465543644716692
2101072,21,107 - Gran San Victorino,Bogota Sur,Centro Oriental,201911,2,0.582385676264215,0.407210258891846,0.010404064843939
2101082,21,108 - Acacias,Central,Meta,201911,2,0.620658749719919,0.341922473672418,0.037418776607663
2101092,21,109 - INEM Cali,Occidente,Cali Norte,201911,2,0.68037725962798,0.293686140948389,0.0259365994236311
2101112,21,111 - Santander de Quilichao,Occidente,Cali Sur,201911,3,0.591800582057447,0.349361002151082,0.0588384157914716
2101122,21,112 - Terminal de Transporte,Bogota Sur,Calle 26,201911,3,0.671132125032834,0.317572892040977,0.0112949829261886
2101132,21,113 - Buga Plaza,Occidente,Valle del Cauca,201911,3,0.595332555425904,0.382730455075846,0.0219369894982497
2101142,21,114 - Central Abastos,Antioquia,Sur Valle Aburra,201911,5,0.641300915693085,0.344911061993474,0.0137880223134407
2101152,21,115 - Avenida 15 Calle 106,Bogota Norte,Carrera Septima,201911,2,0.718262465585806,0.250229427959621,0.0315081064545733
2101162,21,116 - Aguachica,Oriente,Magdalena Medio,201911,4,0.455995698153791,0.486108621616777,0.0578956802294318
2101182,21,118 - Avenida Colombia,Antioquia,Medellin Centro,201911,2,0.669097027481772,0.313796971396523,0.017106001121705
2101202,21,120 - Aguazul,Oriente,Casanare y Bucaramanga,201911,3,0.699527456411928,0.270816359784911,0.0296561838031612
2101212,21,121 - Pasto Plaza,Occidente,Narino - Cauca,201911,4,0.60119940029985,0.332458770614693,0.0663418290854573
2101222,21,122 - Centro Internacional,Bogota Sur,Teusaquillo,201911,3,0.748427672955975,0.237526205450734,0.0140461215932914
2101232,21,123 - Unisur,Bogota Sur,Autopista Sur,201911,3,0.704723847580991,0.272013700585129,0.0232624518338804
2101242,21,124 - Anolaima,Central,Cundinamarca,201911,1,0.600136705399863,0.380041011619959,0.0198222829801777
2101252,21,125 - Edificio Banco de Bogota Barranquilla,Costa,Barranquilla Norte,201911,3,0.666010928961749,0.279344262295082,0.0546448087431694
2101262,21,126 - El Tren Cali,Occidente,Cali Norte,201911,2,0.657791357485814,0.31121780881711,0.0309908336970755
2101272,21,127 - San Cristobal,Bogota Norte,Autopista Nororiental,201911,3,0.68853171155517,0.294381697075007,0.0170865913698233
2101282,21,128 - Apartado,Antioquia,Municipios Antioquia y Choco,201911,3,0.58077814996135,0.349136820407112,0.0700850296315383
2101292,21,129 - Venecia Central,Bogota Sur,Autopista Sur,201911,3,0.680290515522643,0.290657932213045,0.0290515522643122
2101302,21,130 - Trinidad Galan,Bogota Sur,Zona Industrial,201911,4,0.678398209177963,0.307548812336774,0.014052978485263
2101312,21,131 - Centro Comercial Palatino,Bogota Norte,Santa Barbara,201911,3,0.644700998832533,0.34518095732261,0.0101180438448567
2101322,21,132 - Kennedy Caravana,Bogota Sur,Occidente,201911,3,0.690455212922173,0.287077826725404,0.0224669603524229
2101332,21,133 - San Fernando Plaza,Antioquia,Medellin El Poblado,201911,2,0.698107798165138,0.247993119266055,0.0538990825688074
2101342,21,134 - Oficina Centro Comercial La Estacion Cali,Occidente,Cali Norte,201911,4,0.616383251051381,0.350521119034558,0.0330956299140611
2101352,21,135 - La Victoria Sur Oriente,Bogota Sur,Sur Oriente,201911,3,0.76851711026616,0.220988593155894,0.0104942965779468
2101362,21,136 - Barbosa,Oriente,Boyaca y Norte de Cundinamarca,201911,2,0.60942876806607,0.357880247763248,0.0326909841706814
2101372,21,137 - Arauca,Oriente,Norte de Santander y Arauca,201911,3,0.541776315789474,0.416776315789474,0.0414473684210526
2101382,21,138 - Armenia,Antioquia,Quindio,201911,3,0.66015095800271,0.283530094832591,0.0563189471646991
2101392,21,139 - Patio Bonito,Bogota Sur,Occidente,201911,2,0.708906589427951,0.274438812454743,0.0166545981173063
2101402,21,140 - Lerida,Central,Tolima,201911,3,0.625096824167312,0.35140717789827,0.0234959979344178
2101412,21,141 - Banco de Bogota Pinares,Antioquia,Risaralda,201911,2,0.618772563176895,0.361371841155235,0.01985559566787
2101422,21,142 - Jardin Plaza,Occidente,Cali Sur,201911,4,0.658498802985495,0.308125616110407,0.033375580904098
2101432,21,143 - Bosa,Bogota Sur,Autopista Sur,201911,3,0.708952811893988,0.269715578539108,0.0213316095669037
2101442,21,144 - Carrera Setenta,Antioquia,Medellin Occidental,201911,3,0.75255742134723,0.219648716464003,0.0277938621887667
2101462,21,146 - Parque Versalles Cali,Occidente,Cali Centro,201911,3,0.730612244897959,0.218689581095596,0.0506981740064447
2101482,21,148 - Cerromatoso,Costa,No hay informacion,201911,1,0.563888888888889,0.391666666666667,0.0444444444444444
2101492,21,149 - Villapinzon,Oriente,Boyaca y Norte de Cundinamarca,201911,2,0.637876884422111,0.355527638190955,0.00659547738693467
2101502,21,150 - Rincon Suba,Bogota Norte,Noroccidente,201911,3,0.730431904683104,0.252523581002813,0.0170445143140824
2101512,21,151 - Centro Nelmar,Costa,Barranquilla Centro,201911,3,0.696586114307633,0.277522056003069,0.025891829689298
2101532,21,153 - Avenida de Greiff,Antioquia,Medellin Centro,201911,2,0.65478772854044,0.319181902696003,0.0260303687635575
2101542,21,154 - San Antonio de Prado,Antioquia,Sur Valle Aburra,201911,2,0.64293067947838,0.193033630748113,0.164035689773507
2101562,21,156 - Plaza Arrayanes,Antioquia,Sur Valle Aburra,201911,2,0.694575900982891,0.286130323989807,0.0192937750273025
2101572,21,157 - Sotomayor,Oriente,Bucaramanga,201911,3,0.647856430707876,0.308673978065803,0.043469591226321
2101582,21,158 - Centro Comercial del Norte,Occidente,Cali Norte,201911,2,0.688915024992649,0.273154954425169,0.0379300205821817
2101592,21,159 - Centro Empresa,Occidente,Cali Norte,201911,3,0.698537095088819,0.258098223615465,0.0431034482758621
2101602,21,160 - Avenida Boyaca,Bogota Sur,Autopista Sur,201911,3,0.687405487146252,0.303737308273925,0.00885720457982286
2101612,21,161 - Ciudad Tunal,Bogota Sur,Zona Industrial,201911,5,0.650448407380682,0.319039274301618,0.0305123183176992
2101622,21,162 - Avenida Libertadores,Oriente,Bucaramanga,201911,3,0.604132231404959,0.374793388429752,0.0210743801652893
2101642,21,164 - Centro Comercial Calima,Occidente,Cali Norte,201911,4,0.697360969532223,0.253482840638804,0.0491561898289727
2101652,21,165 - Autopista El Dorado,Bogota Sur,Calle 26,201911,3,0.703257883030224,0.271097736490907,0.0256443804788696
2101662,21,166 - Avenida Uribe,Occidente,Cali Centro,201911,4,0.66228499510558,0.316878758215634,0.0208362466787862
2101682,21,168 - Barrancabermeja,Oriente,Magdalena Medio,201911,4,0.570527832822915,0.382093316519546,0.0473788506575392
2101702,21,170 - Barranquilla,Costa,Barranquilla Sur,201911,3,0.687556438504605,0.293299620733249,0.0191439407621456
2101712,21,171 - Carrera 19 Avenida Primera de Mayo,Bogota Sur,Sur Oriente,201911,3,0.667230873392011,0.315165876777251,0.017603249830738
2101722,21,172 - Punto Clave,Antioquia,Medellin Occidental,201911,3,0.717240149759315,0.175967195578534,0.10679265466215
2101732,21,173 - Boulevard 54,Costa,Barranquilla Centro,201911,3,0.638876700307152,0.323168056164985,0.0379552435278631
2101742,21,174 - Santa Lucia,Bogota Sur,Sur Oriente,201911,4,0.651522322132829,0.331124783088815,0.0173528947783562
2101752,21,175 - Las Lunas,Occidente,Narino - Cauca,201911,3,0.544186046511628,0.442071881606765,0.0137420718816068
2101782,21,178 - Bello,Antioquia,Noroccidente Valle Aburra,201911,5,0.712611844908394,0.229228802726885,0.0581593523647209
2101792,21,179 - Centro Comercial Casablanca,Central,Cundinamarca,201911,2,0.634998122418325,0.345850544498686,0.0191513330829891
2101802,21,180 - Cali Centro,Occidente,Cali Centro,201911,3,0.670206896551724,0.287034482758621,0.0427586206896552
2101812,21,181 - Puerto Tejada,Occidente,Cali Sur,201911,3,0.641956726246472,0.304609595484478,0.0534336782690499
2101822,21,182 - Bocagrande,Costa,Bolivar - San Andres/Prov.,201911,2,0.634673979280926,0.326020719073736,0.0393053016453382
2101832,21,183 - Bosconia,Costa,Cesar,201911,2,0.60806916426513,0.331988472622478,0.0599423631123919
2101842,21,184 - Bucaramanga,Oriente,Bucaramanga,201911,7,0.624376869391825,0.304170820870721,0.0714523097374543
2101852,21,185 - Calle 63 Siete de Agosto,Bogota Norte,Chapinero,201911,3,0.707016191210486,0.28141865844256,0.0115651503469545
2101862,21,186 - Vistamar Buenaventura,Occidente,Valle del Cauca,201911,4,0.591797556719023,0.351134380453752,0.0570680628272251
2101872,21,187 - Centro Comercial Buenavista,Costa,Barranquilla Norte,201911,3,0.598350048527984,0.370592041410547,0.0310579100614688
2101882,21,188 - Buga,Occidente,Valle del Cauca,201911,5,0.646506986027944,0.267664670658683,0.0858283433133733
2101902,21,190 - Calarca,Antioquia,Quindio,201911,2,0.676889106967615,0.288027477919529,0.0350834151128557
2101912,21,191 - Centro Comercial Titan Plaza,Bogota Norte,Occidental,201911,2,0.574142568930733,0.401143241425689,0.0247141896435777
2101942,21,194 - Tejar,Bogota Sur,Zona Industrial,201911,3,0.688548657718121,0.301593959731544,0.00985738255033557
2101953,21,195 - Premium Ruitoque,Direccion Banca Premium,No hay informacion,201911,1,0.549356223175966,0.440987124463519,0.00965665236051502
2101962,21,196 - La Paz,Costa,Barranquilla Centro,201911,2,0.616805586843884,0.368551475557558,0.0146429375985582
2101972,21,197 - Choachi,Central,Cundinamarca,201911,2,0.677922742389358,0.218726016884114,0.103351240726529
2101982,21,198 - Unicentro Villavicencio,Central,Villavicencio,201911,4,0.536834027625521,0.455053716290287,0.00811225608419206
2101992,21,199 - Quirigua,Bogota Norte,Occidental,201911,3,0.698527201683198,0.280282536819958,0.021190261496844
2102001,21,200 - Base Militar San Jose del Guaviare,Central,Meta,201911,1,0.476940382452194,0.434195725534308,0.0888638920134983
2102012,21,201 - Gran Plaza Florencia,Central,Huila - Caqueta,201911,3,0.565319077848313,0.419645840294019,0.0150350818576679
2102022,21,202 - Doncello,Central,Huila - Caqueta,201911,2,0.652479338842975,0.336363636363636,0.0111570247933884
2102032,21,203 - Canaveral,Oriente,Casanare y Bucaramanga,201911,3,0.589636584941749,0.380629455746827,0.0297339593114241
2102042,21,204 - Cartagena,Costa,Bolivar - San Andres/Prov.,201911,3,0.604234938240484,0.301235190320141,0.0945298714393748
2102052,21,205 - Quinta Camacho,Bogota Norte,Calle 72,201911,3,0.75275694750772,0.235774150860168,0.0114689016321129
2102062,21,206 - Cartago,Occidente,Valle del Cauca,201911,3,0.631516820775133,0.294117647058824,0.0743655321660437
2102072,21,207 - Cavasa,Occidente,Cali Oriente,201911,3,0.539265536723164,0.442937853107345,0.0177966101694915
2102082,21,208 - Centro Comercial Mazuren,Bogota Norte,Autopista Nororiental,201911,3,0.701138952164009,0.286408504176158,0.012452543659833
2102094,21,209 - Oficina de Recaudos y Pagos Unicali,Occidente,No hay informacion,201911,3,0.682489030714001,0.193857199840447,0.123653769445552
2102102,21,210 - Central de Transportes Cucuta,Oriente,Norte de Santander y Arauca,201911,3,0.638901707429626,0.344485463774804,0.0166128287955699
2102112,21,211 - Gachancipa,Oriente,Boyaca y Norte de Cundinamarca,201911,2,0.694286795308362,0.275066212637155,0.0306469920544835
2102122,21,212 - Casablanca,Bogota Sur,Autopista Sur,201911,3,0.685423621045939,0.290255921157209,0.0243204577968527
2102132,21,213 - Natagaima,Central,Neiva - Tolima,201911,1,0.694613821138211,0.282012195121951,0.0233739837398374
2102142,21,214 - Centro Comercial San Diego,Antioquia,Medellin El Poblado,201911,3,0.666105161833714,0.296113584406209,0.037781253760077
2102162,21,216 - Cerete,Costa,No hay informacion,201911,3,0.595385760357232,0.3763334160258,0.0282808236169685
2102172,21,217 - Centro Comercial Oviedo,Antioquia,Medellin El Poblado,201911,3,0.601240423203211,0.356804086099964,0.041955490696826
2102182,21,218 - Centro Comercial Cable Plaza,Antioquia,Caldas,201911,3,0.679651075349677,0.272522183787036,0.0478267408632877
2102202,21,220 - Cienaga,Costa,Magdalena - Guajira,201911,4,0.664326036073248,0.319289549772821,0.0163844141539309
2102212,21,221 - Centro Comercial Buenavista,Costa,Magdalena - Guajira,201911,2,0.64563309653155,0.332427914751358,0.0219389887170915
2102232,21,223 - Centro 93,Bogota Norte,Carrera Septima,201911,4,0.679322122963742,0.303468208092486,0.017209668943773
2102242,21,224 - Codazzi,Costa,Cesar,201911,3,0.551192434210526,0.429481907894737,0.0193256578947368
2102252,21,225 - Boulevard Comercial Mayorca,Antioquia,Sur Valle Aburra,201911,3,0.662356067316209,0.294242692648361,0.0434012400354296
2102262,21,226 - Centro Comercial Unico,Occidente,Cali Norte,201911,3,0.697166870001356,0.272875152501017,0.0299579774976278
2102282,21,228 - Centro Comercial Paseo San Rafael,Bogota Norte,Noroccidente,201911,3,0.630802670392796,0.351653469958081,0.0175438596491228
2102292,21,229 - Granada Cundinamarca,Central,Cundinamarca,201911,1,0.721092388146427,0.263800116211505,0.0151074956420686
2102302,21,230 - Llano Grande,Occidente,Cali Aeropuerto,201911,3,0.588249230040275,0.395877754086709,0.0158730158730159
2102312,21,231 - Solares Villeta,Central,Magdalena Alto,201911,3,0.731795386158475,0.239919759277834,0.0282848545636911
2102322,21,232 - Copacabana,Antioquia,Noroccidente Valle Aburra,201911,3,0.726459071415253,0.248368450494126,0.0251724780906209
2102334,21,233 - Oficina de Recaudos y Pagos Corferias,Bogota Sur,No hay informacion,201911,3,0.742167437082691,0.230354391371341,0.0274781715459682
2102347,21,234 - Extension de Oficina Amarilo,Bogota Norte,No hay informacion,201911,1,0.69215291750503,0.238430583501006,0.0694164989939638
2102352,21,235 - Centro Comercial Ocean Mall,Costa,Magdalena - Guajira,201911,3,0.656275108468584,0.324120199260807,0.019604692270609
2102362,21,236 - Centro Comercial Los Molinos,Antioquia,Medellin Occidental,201911,3,0.725278253424658,0.245398116438356,0.0292166095890411
2102372,21,237 - Centro Comercial Plaza Imperial,Bogota Norte,Noroccidente,201911,6,0.659073747797634,0.313616914170652,0.0273093380317141
2102382,21,238 - Centro Comercial Plaza del Rio,Antioquia,Municipios Antioquia y Choco,201911,2,0.71074026529739,0.256525459991442,0.0327342747111682
2102392,21,239 - Centro Chia,Bogota Norte,Autopista Nororiental,201911,3,0.610576164167324,0.363220205209156,0.0262036306235201
2102402,21,240 - Corozal,Costa,Sucre,201911,2,0.65192827315156,0.332596413657578,0.0154753131908622
2102424,21,242 - Oficina de Recaudos y Pagos Santa Marta,Costa,No hay informacion,201911,3,0.744612928970471,0.222466081404629,0.0329209896249002
2102434,21,243 - Oficina de Recaudos y Pagos Medellin,Antioquia,No hay informacion,201911,5,0.707663059374086,0.212927756653992,0.0794091839719216
2102442,21,244 - Centro Comercial San Pedro Plaza,Central,Neiva - Tolima,201911,4,0.633333333333333,0.338422391857506,0.0282442748091603
2102454,21,245 - Oficina de Recaudos y Pagos Bogota Centro,Bogota Sur,No hay informacion,201911,7,0.715581326196848,0.274829021706809,0.00958965209634255
2102474,21,247 - Oficina de Recaudos y Pagos Cali,Occidente,No hay informacion,201911,5,0.702103723703454,0.226684666441669,0.0712116098548768
2102484,21,248 - Oficina de Recaudos y Pagos Manizales,Antioquia,No hay informacion,201911,4,0.700163844893501,0.214500273074823,0.0853358820316767
2102492,21,249 - Cosmocentro,Occidente,Cali Sur,201911,6,0.642679719462303,0.315751022793688,0.0415692577440094
2102502,21,250 - Carrera  Bolivar,Antioquia,Medellin Centro,201911,3,0.695063694267516,0.273686305732484,0.03125
2102532,21,253 - Guarin,Oriente,Bucaramanga,201911,3,0.658122810252628,0.295961644846026,0.0459155449013461
2102542,21,254 - Carrera Octava,Occidente,Cali Centro,201911,3,0.594427244582043,0.369775541795666,0.035797213622291
2102552,21,255 - Calle Cuarenta,Central,Tolima,201911,2,0.703450891164202,0.212172923777019,0.0843761850587789
2102562,21,256 - Bulevar del Rio Cali,Occidente,Cali Centro,201911,4,0.717656373713381,0.255423594615994,0.0269200316706255
2102574,21,257 - Oficina de Recaudos y Pagos World Trade Center,Bogota Norte,No hay informacion,201911,4,0.759483583041122,0.235256614599936,0.00525980235894166
2102592,21,259 - Sabana de Torres,Oriente,Magdalena Medio,201911,2,0.661372812920592,0.318438761776581,0.0201884253028264
2102602,21,260 - Cucuta,Oriente,Norte de Santander y Arauca,201911,5,0.579787771601819,0.356038403233957,0.0641738251642244
2102612,21,261 - Centro Comercial Mercurio,Bogota Sur,Autopista Sur,201911,3,0.732822037877602,0.225856941618407,0.0413210205039912
2102632,21,263 - Melgar,Central,Girardot,201911,2,0.738924050632912,0.244801084990958,0.0162748643761302
2102642,21,264 - Chia,Bogota Norte,Autopista Nororiental,201911,4,0.716798196166855,0.245997745208568,0.0372040586245772
2102652,21,265 - Barrio Modelo Norte,Bogota Norte,Occidental,201911,3,0.685975609756098,0.29680774748924,0.0172166427546628
2102662,21,266 - Chinchina,Antioquia,Caldas,201911,3,0.653381842235819,0.31056722341657,0.0360509343476104
2102672,21,267 - La Ceja,Antioquia,Municipios Antioquia,201911,2,0.730875394321767,0.202681388012618,0.0664432176656151
2102682,21,268 - Chiquinquira,Oriente,Boyaca y Norte de Cundinamarca,201911,3,0.667445622865361,0.307927377314399,0.0246269998202409
2102692,21,269 - Libano,Central,Tolima,201911,2,0.718098415346122,0.250208507089241,0.0316930775646372
2102702,21,270 - Choconta,Oriente,Boyaca y Norte de Cundinamarca,201911,2,0.68859649122807,0.298558897243108,0.0128446115288221
2102722,21,272 - Soacha,Bogota Sur,Autopista Sur,201911,4,0.770987385819922,0.204545454545455,0.0244671596346238
2102737,21,273 - Miranda,Occidente,Cali Aeropuerto,201911,1,0.702634245187437,0.25886524822695,0.038500506585613
2102742,21,274 - Centro Comercial Hayuelos,Bogota Sur,Zona Industrial,201911,4,0.570724346076459,0.41046277665996,0.0188128772635815
2102752,21,275 - Portal de La 80,Bogota Norte,Occidental,201911,4,0.690133445413471,0.286014500367763,0.0238520542187664
2102762,21,276 - El Estadio,Occidente,Cali Oriente,201911,2,0.731197033898305,0.21239406779661,0.0564088983050848
2102772,21,277 - Cuba,Antioquia,Risaralda,201911,2,0.744186046511628,0.21843853820598,0.037375415282392
2102782,21,278 - Mariscal Robledo - Cartago,Occidente,Valle del Cauca,201911,2,0.639114391143911,0.32939729397294,0.0314883148831488
2102792,21,279 - Dosquebradas,Antioquia,Risaralda,201911,3,0.656912948061448,0.284930504754938,0.0581565471836138
2102812,21,281 - Palacio Nacional - Manizales,Antioquia,Caldas,201911,3,0.696884422110553,0.274974874371859,0.0281407035175879
2102822,21,282 - Duitama,Oriente,Boyaca,201911,4,0.622317596566524,0.349980491611393,0.0277019118220835
2102832,21,283 - San Francisco,Oriente,Bucaramanga,201911,3,0.649054918886739,0.319541598452151,0.0314034826611103
2102842,21,284 - El Banco,Costa,Magdalena - Guajira,201911,4,0.464606328182487,0.520971302428256,0.0144223693892568
2102852,21,285 - El Carmen de Viboral,Antioquia,Municipios Antioquia,201911,3,0.711143457868349,0.261685266052078,0.027171276079573
2102862,21,286 - El Carmen Bolivar,Costa,Sucre,201911,2,0.54509118161379,0.430177366974769,0.0247314514114414
2102872,21,287 - El Cerrito,Occidente,Cali Aeropuerto,201911,3,0.721188260558339,0.253042233357194,0.0257695060844667
2102882,21,288 - Centro Comercial Unicentro Valledupar,Costa,Cesar,201911,1,0.699070487993803,0.293183578621224,0.00774593338497289
2102892,21,289 - Candelaria,Occidente,Cali Aeropuerto,201911,3,0.700667465343146,0.263905527982201,0.0354270066746534
2102902,21,290 - Avenida 30 de Agosto,Antioquia,Risaralda,201911,2,0.741279069767442,0.227390180878553,0.0313307493540052
2102912,21,291 - Centro Comercial Andino,Bogota Norte,Carrera Septima,201911,3,0.622812920592194,0.363896366083446,0.0132907133243607
2102922,21,292 - El Prado,Costa,Barranquilla Norte,201911,3,0.714485165794066,0.258289703315881,0.0272251308900524
2102932,21,293 - Centro Comercial Panorama,Costa,Barranquilla Sur,201911,3,0.680637450199203,0.293864541832669,0.0254980079681275
2102942,21,294 - Envigado,Antioquia,Medellin El Poblado,201911,4,0.709022470628493,0.239648682559599,0.0513288468119083
2102952,21,295 - Dagua,Occidente,Valle del Cauca,201911,2,0.664366373902133,0.313676286072773,0.0219573400250941
2102962,21,296 - Espinal,Central,Tolima,201911,4,0.661971830985916,0.287023109530972,0.0510050594831123
2102992,21,299 - Centro Comercial Gran Estacion,Bogota Sur,Calle 26,201911,6,0.576512050932242,0.403592542064575,0.0198954070031833
2103012,21,301 - La Triada,Oriente,Bucaramanga,201911,3,0.662524850894632,0.311630218687873,0.025844930417495
2103022,21,302 - Colina Office Park,Bogota Norte,Noroccidente,201911,3,0.654598995323056,0.331889831976442,0.0135111727005023
2103032,21,303 - Cucuta - Avenida Quinta,Oriente,Norte de Santander y Arauca,201911,4,0.647665323536383,0.307655842616734,0.0446788338468831
2103042,21,304 - Facatativa,Central,Cundinamarca,201911,4,0.645867200200075,0.289233462548456,0.0648993372514693
2103052,21,305 - La Isla,Oriente,Bucaramanga,201911,2,0.644369834710744,0.336518595041322,0.0191115702479339
2103092,21,309 - Centro Comercial La Estacion Ibague,Central,Tolima,201911,3,0.565862708719852,0.39378478664193,0.0403525046382189
2103102,21,310 - Baranoa,Costa,Barranquilla Sur,201911,2,0.663380281690141,0.308450704225352,0.028169014084507
2103112,21,311 - San Gil,Oriente,Bucaramanga,201911,3,0.558191252779837,0.366493699036323,0.0753150481838399
2103122,21,312 - Florencia,Central,Huila - Caqueta,201911,3,0.608918775437976,0.333038400283136,0.0580428242788887
2103132,21,313 - Centro Comercial  Fundadores,Antioquia,Caldas,201911,2,0.643574297188755,0.332329317269076,0.0240963855421687
2103142,21,314 - Florida,Occidente,Cali Aeropuerto,201911,4,0.620849746764209,0.348339898705684,0.0308103545301069
2103152,21,315 - Centro Comercial Alamedas,Costa,No hay informacion,201911,2,0.570649596965386,0.389758179231863,0.0395922238027501
2103162,21,316 - Centro Comercial Milenio Plaza,Bogota Sur,Occidente,201911,4,0.668343225027663,0.297857358414646,0.0337994165576904
2103174,21,317 - Oficina de Recaudos y Pagos Barrio Restrepo,Bogota Sur,No hay informacion,201911,3,0.735645584377732,0.241523365393957,0.0228310502283105
2103182,21,318 - Fonseca,Costa,Cesar,201911,2,0.651443569553806,0.325984251968504,0.0225721784776903
2103192,21,319 - Floridablanca,Oriente,Casanare y Bucaramanga,201911,3,0.792770487744491,0.175414706610547,0.0318148056449616
2103222,21,322 - Frontino,Antioquia,Municipios Antioquia y Choco,201911,2,0.612535612535613,0.36955636955637,0.0179080179080179
2103232,21,323 - Portal del Norte,Antioquia,Quindio,201911,2,0.718086791257523,0.256255939182768,0.0256572695597086
2103242,21,324 - Andes - Antioquia,Antioquia,Municipios Antioquia,201911,2,0.599226804123711,0.364690721649485,0.0360824742268041
2103252,21,325 - Centro Comercial Fontanar,Bogota Norte,Autopista Nororiental,201911,3,0.535467893154078,0.45604104015567,0.00849106669025296
2103262,21,326 - Fundacion,Costa,Magdalena - Guajira,201911,4,0.562399743342958,0.416907282643568,0.0206929740134745
2103272,21,327 - Normandia,Bogota Sur,Calle 26,201911,4,0.639102564102564,0.342435897435897,0.0184615384615385
2103292,21,329 - Centro Comercial AltaVista,Bogota Sur,Sur Oriente,201911,3,0.661286254728878,0.313493064312736,0.0252206809583859
2103302,21,330 - Fusagasuga,Central,Cundinamarca,201911,3,0.661135081314305,0.297875871224693,0.0409890474610023
2103327,21,332 - Base Naval de Cartagena,Costa,Bolivar - San Andres/Prov.,201911,1,0.779156327543424,0.220843672456576,0
2103332,21,333 - San Cristobal Antioquia,Antioquia,Medellin Occidental,201911,2,0.642411077925604,0.202280749389085,0.155308172685311
2103342,21,334 - Gacheta,Central,Sabana,201911,2,0.646666666666667,0.33,0.0233333333333333
2103362,21,336 - Garagoa,Oriente,Boyaca y Norte de Cundinamarca,201911,2,0.546557120500783,0.433881064162754,0.0195618153364632
2103372,21,337 - Barrio Contador,Bogota Norte,Santa Barbara,201911,3,0.621146330872775,0.363656100738168,0.0151975683890578
2103382,21,338 - Garzon,Central,Huila - Caqueta,201911,3,0.608473824312334,0.358917480035492,0.0326086956521739
2103392,21,339 - Soata,Oriente,Boyaca,201911,2,0.453567937438905,0.535679374389052,0.010752688172043
2103403,21,340 - Premium Pereira,Direccion Banca Premium,Premium Antioquia,201911,1,0.581521739130435,0.418478260869565,0
2103412,21,341 - Parque Comercial Guacari,Costa,Sucre,201911,2,0.54157949790795,0.438284518828452,0.0201359832635983
2103442,21,344 - Barbosa,Antioquia,Noroccidente Valle Aburra,201911,2,0.720820189274448,0.255783385909569,0.0233964248159832
2103462,21,346 - Ginebra,Occidente,Cali Aeropuerto,201911,3,0.662024323264025,0.324637112593174,0.0133385641428011
2103472,21,347 - Calipso,Occidente,Cali Oriente,201911,3,0.779270112603446,0.177180843847511,0.0435490435490436
2103482,21,348 - Girardot,Central,Girardot,201911,5,0.654499264607568,0.278112047065116,0.0673886883273165
2103492,21,349 - Girardota,Antioquia,Noroccidente Valle Aburra,201911,3,0.699245052030198,0.271781269128749,0.0289736788410528
2103502,21,350 - Granada,Central,Meta,201911,4,0.615328907664454,0.35799637899819,0.0266747133373567
2103512,21,351 - Centro Villavicencio,Central,Villavicencio,201911,2,0.628405375953505,0.329822012350163,0.0417726116963313
2103522,21,352 - Guacari,Occidente,Cali Aeropuerto,201911,3,0.687280248190279,0.267631851085832,0.0450879007238883
2103532,21,353 - Monterrey,Oriente,Casanare y Bucaramanga,201911,2,0.630162129091465,0.325787702661364,0.0440501682471704
2103542,21,354 - Parque Riveros Acacias,Central,Meta,201911,2,0.590600994125621,0.393809308630818,0.0155896972435608
2103562,21,356 - Guaduas,Central,Magdalena Alto,201911,3,0.69818323891385,0.292439929673764,0.00937683141238523
2103572,21,357 - Avenida Cuarenta,Central,Villavicencio,201911,3,0.583157338965153,0.394667370644139,0.0221752903907075
2103582,21,358 - Guamal,Central,Meta,201911,2,0.703517587939699,0.276381909547739,0.0201005025125628
2103592,21,359 - Santa Ana,Bogota Norte,Santa Barbara,201911,3,0.66116778814847,0.3088777946603,0.0299544171912307
2103602,21,360 - Guateque,Oriente,Boyaca y Norte de Cundinamarca,201911,3,0.622288503253796,0.363882863340564,0.0138286334056399
2103612,21,361 - Restrepo Meta,Central,Villavicencio,201911,3,0.831207065750736,0.1648675171737,0.00392541707556428
2103622,21,362 - Guayaquil,Antioquia,Medellin Centro,201911,3,0.620617110799439,0.35203366058906,0.0273492286115007
2103632,21,363 - Mariquita,Central,Magdalena Alto,201911,3,0.729518219613597,0.23991195891416,0.0305698214722426
2103642,21,364 - Los Centauros,Banca Oficial II,No hay informacion,201911,6,0.600880872483222,0.350671140939597,0.0484479865771812
2103662,21,366 - Honda,Central,Magdalena Alto,201911,3,0.745846817691478,0.220280474649407,0.0338727076591154
2103702,21,370 - Ibague,Central,Tolima,201911,4,0.628695652173913,0.304347826086957,0.0669565217391304
2103712,21,371 - Manrique,Antioquia,Medellin Centro,201911,2,0.736779133764058,0.217994735582675,0.0452261306532663
2103722,21,372 - La Perla Duitama,Oriente,Boyaca,201911,3,0.691402714932127,0.288506787330317,0.0200904977375566
2103742,21,374 - Ipiales,Occidente,Narino - Cauca,201911,4,0.426115770943357,0.537537537537538,0.0363466915191053
2103752,21,375 - San Vicente Del Caguan,Central,Huila - Caqueta,201911,2,0.633649932157395,0.352781546811398,0.0135685210312076
2103767,21,376 - UNAB,Oriente,Bucaramanga,201911,1,0.706647398843931,0.264450867052023,0.0289017341040462
2103772,21,377 - Nobsa,Oriente,Boyaca,201911,1,0.763287401574803,0.228346456692913,0.00836614173228347
2103782,21,378 - Itsmina,Antioquia,Municipios Antioquia y Choco,201911,5,0.484343374211216,0.37671151327539,0.138945112513394
2103792,21,379 - EPM,Antioquia,Medellin El Poblado,201911,2,0.769789674952199,0.204588910133843,0.0256214149139579
2103802,21,380 - Iserra 100,Bogota Norte,Calle 72,201911,3,0.695040710584752,0.292561065877128,0.0123982235381199
2103812,21,381 - Las Margaritas,Bogota Norte,Autopista Nororiental,201911,3,0.708747514910537,0.276673293571902,0.0145791915175613
2103822,21,382 - Itagui,Antioquia,Sur Valle Aburra,201911,3,0.670556061987238,0.269097538742024,0.0603463992707384
2103832,21,383 - San Agustin Huila,Central,Huila - Caqueta,201911,2,0.506941334527541,0.482758620689655,0.0103000447828034
2103842,21,384 - Centro Empresarial North Point,Bogota Norte,Autopista Nororiental,201911,3,0.670479067760035,0.31009926629262,0.0194216659473457
2103862,21,386 - Carrera Junin,Antioquia,Medellin Centro,201911,4,0.682959243945659,0.24542232722977,0.0716184288245718
2103872,21,387 - Metrocentro,Costa,Barranquilla Sur,201911,3,0.736580163526484,0.233025239957341,0.0303945965161749
2103882,21,388 - Barrio La Castellana,Bogota Norte,Calle 72,201911,2,0.674520069808028,0.304537521815009,0.0209424083769634
2103892,21,389 - La Plazuela,Costa,Bolivar - San Andres/Prov.,201911,4,0.659662377523315,0.26549403848424,0.0748435839924448
2103902,21,390 - La Dorada,Central,Magdalena Alto,201911,3,0.638688160088938,0.311284046692607,0.0500277932184547
2103912,21,391 - Chipichape,Occidente,Cali Norte,201911,4,0.57,0.400967741935484,0.0290322580645161
2103922,21,392 - Calle Murillo,Costa,Barranquilla Centro,201911,3,0.700312174817898,0.28850156087409,0.0111862643080125
2103932,21,393 - Centro Comercial Santafe Medellin,Antioquia,Medellin El Poblado,201911,2,0.648895658796649,0.323495811119574,0.0276085300837776
2103942,21,394 - La Mesa,Central,Girardot,201911,3,0.673493770267964,0.298173749786653,0.0283324799453832
2103952,21,395 - La Primavera Villavicencio,Central,Villavicencio,201911,2,0.626547594885326,0.356809417495433,0.0166429876192409
2103962,21,396 - Fusagasuga Centro,Central,Cundinamarca,201911,2,0.619550662103854,0.358577592620146,0.0218717452760006
2103972,21,397 - Sugamuxi Sogamoso,Oriente,Boyaca,201911,3,0.716012084592145,0.263679086941927,0.0203088284659282
2103982,21,398 - La Plata,Central,Huila - Caqueta,201911,2,0.624531132783196,0.355213803450863,0.0202550637659415
2103992,21,399 - Centro Empresarial Metropolitano Suramericana,Bogota Sur,Calle 26,201911,2,0.695888919139668,0.271712496596787,0.0323985842635448
2104002,21,400 - La Victoria,Occidente,Valle del Cauca,201911,2,0.699010654490107,0.268645357686454,0.0323439878234399
2104022,21,402 - La Virginia,Antioquia,Risaralda,201911,2,0.662388685175485,0.29413305395495,0.0434782608695652
2104047,21,404 - Centro Comercial Buena Vista Santa Marta,Costa,Magdalena - Guajira,201911,2,0.674374705049552,0.302029259084474,0.0235960358659745
2104062,21,406 - Viva Envigado,Antioquia,Sur Valle Aburra,201911,2,0.678099173553719,0.272520661157025,0.0493801652892562
2104072,21,407 - Leticia,Central,Magdalena Alto,201911,3,0.654147465437788,0.312672811059908,0.0331797235023042
2104082,21,408 - Lorica,Costa,Sucre,201911,2,0.649412296564195,0.319394213381555,0.0311934900542496
2104092,21,409 - Unicentro Yopal,Oriente,Casanare y Bucaramanga,201911,2,0.604625199362042,0.373684210526316,0.0216905901116427
2104102,21,410 - Prado Veraniego,Bogota Norte,Noroccidente,201911,3,0.716352859135286,0.269002789400279,0.0146443514644351
2104142,21,414 - Magangue,Costa,Sucre,201911,2,0.650862068965517,0.302011494252874,0.0471264367816092
2104154,21,415 - Oficina de Recaudos y Pagos Fiesta Suba,Bogota Norte,No hay informacion,201911,4,0.717157214644652,0.248384781048098,0.0344580043072505
2104162,21,416 - Las Granjas,Bogota Sur,Zona Industrial,201911,3,0.674211802748585,0.285906763675559,0.0398814335758556
2104172,21,417 - Centro Comercial Florida,Antioquia,Noroccidente Valle Aburra,201911,3,0.673713235294118,0.297006302521008,0.029280462184874
2104182,21,418 - Armero Guayabal,Central,Magdalena Alto,201911,1,0.713721061547149,0.265386787125918,0.0208921513269339
2104202,21,420 - San Martin Cesar,Oriente,Magdalena Medio,201911,1,0.63463098134631,0.339821573398216,0.0255474452554745
2104231,21,423 - Base Militar Covenas,Costa,Sucre,201911,1,0.649874055415617,0.347607052896725,0.00251889168765743
2104262,21,426 - Mamonal,Costa,Bolivar - San Andres/Prov.,201911,2,0.6326348640214,0.330361123495319,0.0370040124832813
2104272,21,427 - Avenida Roosevelt,Occidente,Cali Oriente,201911,2,0.70464904284412,0.262762078395624,0.0325888787602552
2104282,21,428 - Manizales,Antioquia,Caldas,201911,4,0.640413533834586,0.277631578947368,0.0819548872180451
2104291,21,429 - Escuela Militar de Aviacion Marco Fidel Suarez,Occidente,Cali Oriente,201911,1,0.845771144278607,0.148009950248756,0.00621890547263682
2104312,21,431 - Terminal de Transportes,Antioquia,Noroccidente Valle Aburra,201911,3,0.61536876802637,0.317470127729707,0.0671611042439225
2104322,21,432 - Maturin,Antioquia,Medellin Centro,201911,2,0.63257790368272,0.354674220963173,0.0127478753541077
2104332,21,433 - El Poblado,Antioquia,Medellin El Poblado,201911,2,0.710925410089756,0.253791395852677,0.0352831940575673
2104342,21,434 - Medellin,Antioquia,Medellin Centro,201911,5,0.677673130193906,0.242437673130194,0.0798891966759003
2104362,21,436 - Montelibano,Costa,No hay informacion,201911,3,0.555013417906807,0.404488899731642,0.0404976823615516
2104372,21,437 - Santa Librada Bogota,Bogota Sur,Sur Oriente,201911,5,0.681260575296108,0.28743654822335,0.0313028764805415
2104382,21,438 - Monteria,Costa,No hay informacion,201911,5,0.609177592371871,0.339094159713945,0.0517282479141836
2104392,21,439 - Torre Banco de Bogota,Costa,Magdalena - Guajira,201911,3,0.686894770819884,0.279535183989671,0.0335700451904455
2104412,21,441 - Calle 80,Bogota Norte,Occidental,201911,3,0.695285857572718,0.278034102306921,0.0266800401203611
2104422,21,442 - Neiva,Central,Neiva - Tolima,201911,4,0.625832035122504,0.297691545106925,0.0764764197705707
2104432,21,443 - Calasanz,Antioquia,Medellin Occidental,201911,3,0.716472163765066,0.255022001147886,0.028505835087048
2104442,21,444 - Cajica,Central,Sabana,201911,3,0.674978050921861,0.296224758560141,0.0287971905179982
2104452,21,445 - Imbanaco,Occidente,Cali Oriente,201911,3,0.742785234899329,0.228691275167785,0.0285234899328859
2104462,21,446 - Ocana,Oriente,Magdalena Medio,201911,4,0.551900093997583,0.397072646703371,0.0510272592990466
2104472,21,447 - Lucero,Bogota Sur,Sur Oriente,201911,3,0.690247123184305,0.287115638558763,0.0226372382569327
2104482,21,448 - Palermo,Bogota Sur,Teusaquillo,201911,3,0.708009643718189,0.264398607018484,0.0275917492633271
2104492,21,449 - Carrera 7 Calle 67,Bogota Norte,Chapinero,201911,3,0.660506050605061,0.301210121012101,0.0382838283828383
2104502,21,450 - Candelaria La Nueva,Bogota Sur,Sur Oriente,201911,3,0.725816112608566,0.252620545073375,0.0215633423180593
2104522,21,452 - Centro Comercial El Tesoro,Antioquia,Medellin El Poblado,201911,3,0.583434835566382,0.368859114900528,0.0477060495330897
2104532,21,453 - Malambo,Costa,Barranquilla Sur,201911,2,0.759669245132035,0.211523072819419,0.0288076820485463
2104542,21,454 - Unicentro Palmira,Occidente,Cali Aeropuerto,201911,2,0.650531286894923,0.320188902007084,0.0292798110979929
2104552,21,455 - Panamericano Cali,Occidente,Cali Sur,201911,3,0.709007948189579,0.245069178687077,0.0459228731233441
2104562,21,456 - Villa Colombia - CALI,Occidente,Cali Oriente,201911,3,0.698569709931827,0.25437775698436,0.0470525330838123
2104572,21,457 - Galapa,Costa,Barranquilla Sur,201911,2,0.751901140684411,0.232889733840304,0.0152091254752852
2104582,21,458 - Palmira,Occidente,Cali Aeropuerto,201911,7,0.655569287810907,0.292600030897575,0.0518306812915186
2104592,21,459 - Pasoancho,Occidente,Cali Sur,201911,4,0.652545120501459,0.331784286177456,0.0156705933210851
2104612,21,461 - La Union,Occidente,Narino - Cauca,201911,2,0.566952506596306,0.407321899736148,0.0257255936675462
2104622,21,462 - Pamplona,Oriente,Norte de Santander y Arauca,201911,3,0.686192468619247,0.277605966891031,0.0362015644897217
2104632,21,463 - Marinilla,Antioquia,Municipios Antioquia,201911,2,0.723305704534374,0.248415407118479,0.0282788883471477
2104643,21,464 - Premium Torre Oviedo,Direccion Banca Premium,Premium Antioquia,201911,1,0.450354609929078,0.50709219858156,0.0425531914893617
2104652,21,465 - Parque Olaya,Antioquia,Risaralda,201911,2,0.675600417681866,0.302123216150366,0.0222763661677689
2104662,21,466 - Pasto,Occidente,Narino - Cauca,201911,5,0.556051681550447,0.376021280638419,0.0679270378111343
2104672,21,467 - Parque Washington,Costa,Barranquilla Norte,201911,3,0.708759670576491,0.274769153980534,0.0164711754429748
2104682,21,468 - Pereira,Antioquia,Risaralda,201911,5,0.601455133387227,0.294529776340609,0.104015090272164
2104692,21,469 - Piedecuesta,Oriente,Casanare y Bucaramanga,201911,4,0.667513812154696,0.292154696132597,0.0403314917127072
2104702,21,470 - Jamundi,Occidente,Cali Sur,201911,4,0.717565843775794,0.260298641854881,0.0221355143693254
2104712,21,471 - Pivijay,Costa,Magdalena - Guajira,201911,2,0.536976320582878,0.424043715846994,0.0389799635701275
2104742,21,474 - Piedrapintada,Central,Tolima,201911,2,0.676222935044106,0.263031275060144,0.0607457898957498
2104752,21,475 - Comfandi El Prado Cali,Occidente,Cali Oriente,201911,3,0.686033338727949,0.288234342126558,0.0257323191454928
2104762,21,476 - Belen,Antioquia,Medellin Occidental,201911,3,0.748843827819281,0.210423336890786,0.0407328352899324
2104772,21,477 - Junin,Occidente,Cali Oriente,201911,3,0.700677331027526,0.27439112264015,0.0249315463323245
2104782,21,478 - Carepa,Antioquia,Municipios Antioquia y Choco,201911,2,0.705272511848341,0.250888625592417,0.0438388625592417
2104792,21,479 - Villa Cespedes Tulua,Occidente,Valle del Cauca,201911,3,0.735648277793335,0.226407168860263,0.0379445533464016
2104802,21,480 - Canaveralejo,Occidente,Cali Sur,201911,2,0.70779054916986,0.250574712643678,0.0416347381864623
2104842,21,484 - Plaza de Caicedo,Occidente,Cali Centro,201911,5,0.668774078830386,0.282327373308308,0.0488985478613059
2104862,21,486 - Unicentro,Occidente,Cali Sur,201911,5,0.637744668419515,0.31093582627325,0.0513195053072354
2104872,21,487 - Alameda,Occidente,Cali Oriente,201911,4,0.686425061425061,0.290694103194103,0.0228808353808354
2104882,21,488 - Ciudad Cordoba,Occidente,Cali Oriente,201911,3,0.741350045697872,0.218958088523306,0.0396918657788223
2104912,21,491 - Centro Comercial Murano Neiva,Central,Neiva - Tolima,201911,2,0.636950507224101,0.334460498001844,0.0285889947740547
2104922,21,492 - Parque de La Independencia,Bogota Sur,Centro Oriental,201911,3,0.772027972027972,0.215184815184815,0.0127872127872128
2104932,21,493 - Centro Comercial Gran Plaza del  Sol,Costa,Barranquilla Sur,201911,2,0.721247960848287,0.24673735725938,0.0320146818923328
2104942,21,494 - Plaza de Mercado Valledupar,Costa,Cesar,201911,3,0.534179181771103,0.435784567581564,0.030036250647333
2104962,21,496 - Calle La Herreria,Occidente,Narino - Cauca,201911,2,0.610115394058434,0.343726982568132,0.0461576233734348
2104972,21,497 - Caldas,Antioquia,Sur Valle Aburra,201911,3,0.716375312165537,0.239564752051374,0.0440599357830896
2105002,21,500 - Carrera 11 con 81,Bogota Norte,Carrera Septima,201911,2,0.649322879543835,0.332145402708482,0.0185317177476835
2105042,21,504 - Avenida Pedro Heredia,Costa,Bolivar - San Andres/Prov.,201911,3,0.608351331893449,0.368130549556036,0.023518118550516
2105102,21,510 - Laureles,Antioquia,Medellin Occidental,201911,3,0.694119506797344,0.273000316155549,0.0328801770471072
2105122,21,512 - Ismael Perdomo,Bogota Sur,Autopista Sur,201911,3,0.710296684118674,0.265111851499286,0.0245914643820403
2105132,21,513 - Puerto Wilches,Oriente,Magdalena Medio,201911,2,0.510544538873151,0.42304060434372,0.0664148567831287
2105142,21,514 - Puerto Berrio,Antioquia,Municipios Antioquia y Choco,201911,2,0.66015730946569,0.309465690263087,0.0303770002712232
2105162,21,516 - Los Patios,Oriente,Norte de Santander y Arauca,201911,2,0.789649122807018,0.192105263157895,0.0182456140350877
2105182,21,518 - Argos,Antioquia,Medellin Centro,201911,2,0.757126236183828,0.195753344968005,0.0471204188481675
2105192,21,519 - Arbelaez,Central,Girardot,201911,1,0.709722222222222,0.286805555555556,0.00347222222222222
2105202,21,520 - Popayan,Occidente,Narino - Cauca,201911,6,0.528153507392262,0.341302296319597,0.130544196288141
2105242,21,524 - Castilla,Antioquia,Noroccidente Valle Aburra,201911,3,0.70263509006004,0.255670446964643,0.0416944629753169
2105262,21,526 - Quimbaya,Antioquia,Quindio,201911,2,0.648367952522255,0.318991097922849,0.0326409495548961
2105292,21,529 - Centro Comercial Arrecife,Costa,Magdalena - Guajira,201911,2,0.619628162145687,0.363608655897592,0.0167631819567205
2105302,21,530 - Riohacha,Costa,Magdalena - Guajira,201911,3,0.611197754210855,0.344822208359326,0.0439800374298191
2105312,21,531 - SAN IGNACIO,Antioquia,Medellin Centro,201911,3,0.714747213697303,0.247132934905508,0.0381198513971895
2105322,21,532 - Rionegro,Antioquia,Municipios Antioquia,201911,5,0.618204671624594,0.220383366502566,0.16141196187284
2105342,21,534 - Bello Plaza,Antioquia,Noroccidente Valle Aburra,201911,2,0.663987635239567,0.315301391035549,0.0207109737248841
2105352,21,535 - Armenia Calle 21 Carrera 17,Antioquia,Quindio,201911,3,0.670165745856354,0.269981583793739,0.0598526703499079
2105382,21,538 - Centro Comercial Unicentro Medellin,Antioquia,Medellin Occidental,201911,3,0.679278546243558,0.29224301600217,0.0284784377542718
2105392,21,539 - San Alberto,Oriente,Magdalena Medio,201911,3,0.483327017809777,0.483705949223191,0.032967032967033
2105402,21,540 - San Andres,Costa,Bolivar - San Andres/Prov.,201911,3,0.61215886398935,0.315731084978922,0.0721100510317284
2105422,21,542 - Centro Comercial Centro Mayor,Bogota Sur,Zona Industrial,201911,4,0.564877927872103,0.406741851530549,0.0283802205973479
2105442,21,544 - Santa Librada,Occidente,Cali Centro,201911,2,0.706699346405229,0.271514161220044,0.0217864923747277
2105453,21,545 - Premium Avenida 19 Calle 114,Direccion Banca Premium,Premium Bogota 1,201911,1,0.427807486631016,0.563279857397505,0.0089126559714795
2105462,21,546 - Orito Putumayo,Central,Magdalena Alto,201911,2,0.591299677765843,0.381041890440387,0.0276584317937701
2105477,21,547 - Extension de Oficina Caicedonia,Occidente,Valle del Cauca,201911,1,0.722177742193755,0.194555644515613,0.0832666132906325
2105482,21,548 - San Juan Cesar,Costa,Cesar,201911,2,0.686286594761171,0.288751926040062,0.0249614791987673
2105493,21,549 - Centro Historico Cartagena,Direccion Banca Premium,No hay informacion,201911,1,0.5,0.48469387755102,0.0153061224489796
2105502,21,550 - Centro Comercial City Plaza,Antioquia,Medellin El Poblado,201911,2,0.60691507217187,0.346424974823766,0.0466599530043639
2105512,21,551 - Centro Comercial Unicentro Girardot,Central,Girardot,201911,2,0.606335754640839,0.377925746569814,0.0157384987893463
2105522,21,552 - Calle 39 Monteria,Costa,No hay informacion,201911,3,0.598206278026906,0.380269058295964,0.02152466367713
2105533,21,553 - La Cabrera,Direccion Banca Premium,Premium Bogota 2,201911,1,0.326340326340326,0.65967365967366,0.013986013986014
2105542,21,554 - Santa Rosa de Osos,Antioquia,Municipios Antioquia,201911,2,0.647346368715084,0.299231843575419,0.0534217877094972
2105562,21,556 - San Martin,Central,Meta,201911,4,0.744382842135979,0.236796031514444,0.0188211263495769
2105582,21,558 - Centro Comercial Bosque Plaza,Antioquia,Noroccidente Valle Aburra,201911,2,0.67463687150838,0.270391061452514,0.0549720670391062
2105642,21,564 - Santa Marta,Costa,Magdalena - Guajira,201911,3,0.667690208120096,0.255885363357216,0.0764244285226885
2105662,21,566 - Santa Monica,Occidente,Cali Norte,201911,3,0.745929018789144,0.227557411273486,0.0265135699373695
2105682,21,568 - Santa Rita,Occidente,Cali Centro,201911,3,0.728038507821901,0.235516589307203,0.0364449028708957
2105694,21,569 - Oficina de Recaudos y Pagos Canaveral,Oriente,No hay informacion,201911,4,0.657130837189735,0.310615621932408,0.0322535408778572
2105702,21,570 - Guasca,Central,Sabana,201911,1,0.73921698739217,0.250165892501659,0.0106171201061712
2105722,21,572 - Santa Rosa de Cabal,Antioquia,Caldas,201911,4,0.721580279520194,0.251238032353912,0.0271816881258941
2105742,21,574 - La Cordialidad,Costa,Barranquilla Sur,201911,3,0.727297444263187,0.240076128330614,0.032626427406199
2105762,21,576 - Santa Rosa de Viterbo,Oriente,Boyaca,201911,1,0.701360141927853,0.293908929627439,0.00473092844470727
2105782,21,578 - Quibdo,Antioquia,Municipios Antioquia y Choco,201911,7,0.450160917456144,0.160690811839898,0.389148270703957
2105802,21,580 - Caqueza,Central,Villavicencio,201911,2,0.581317204301075,0.400537634408602,0.0181451612903226
2105832,21,583 - Tolemaida,Central,Girardot,201911,2,0.654263565891473,0.344186046511628,0.00155038759689922
2105842,21,584 - Sector Estadio,Antioquia,Noroccidente Valle Aburra,201911,3,0.675347562169571,0.291560603093793,0.033091834736636
2105852,21,585 - Sector Sur Tunja,Oriente,Boyaca,201911,2,0.598045397225725,0.372950819672131,0.0290037831021438
2105872,21,587 - Sibate,Central,Cundinamarca,201911,2,0.71505376344086,0.270453482935951,0.0144927536231884
2105882,21,588 - Sevilla,Occidente,Valle del Cauca,201911,3,0.702537182852144,0.283464566929134,0.0139982502187227
2105892,21,589 - Terminal de Transportes Manizales,Antioquia,Caldas,201911,2,0.635404454865182,0.343493552168816,0.0211019929660023
2105902,21,590 - Real de Minas,Oriente,Bucaramanga,201911,3,0.693609022556391,0.27687969924812,0.0295112781954887
2105922,21,592 - Sincelejo,Costa,Sucre,201911,3,0.61995405316705,0.338529701345586,0.0415162454873646
2105951,21,595 - La Loma,Costa,Cesar,201911,2,0.604522184300341,0.379692832764505,0.0157849829351536
2105962,21,596 - Sogamoso,Oriente,Boyaca,201911,3,0.617109506988174,0.337428966364614,0.0454615266472124
2105972,21,597 - Sopo,Central,Sabana,201911,2,0.718194574368569,0.255846585594013,0.0259588400374181
2105982,21,598 - Centro Comercial Savanna,Antioquia,Municipios Antioquia,201911,2,0.603948025987006,0.309845077461269,0.0862068965517242
2105992,21,599 - La Jagua,Costa,Cesar,201911,2,0.596040054619936,0.390987710514338,0.012972234865726
2106002,21,600 - Centro Comercial Cabecera,Oriente,Bucaramanga,201911,4,0.65911679109199,0.29748196887258,0.0434012400354296
2106012,21,601 - Centro Comercial Ventura Plaza,Oriente,Norte de Santander y Arauca,201911,3,0.630446834460583,0.317440957977603,0.052112207561814
2106032,21,603 - Terminal de Transporte Sogamoso,Oriente,Boyaca,201911,2,0.523947368421053,0.454473684210526,0.0215789473684211
2106042,21,604 - Briceno,Central,Sabana,201911,2,0.679892141756549,0.312403697996918,0.00770416024653313
2106052,21,605 - Toberin,Bogota Norte,Autopista Nororiental,201911,4,0.695892018779343,0.276291079812207,0.0278169014084507
2106062,21,606 - Tintal Plaza,Bogota Sur,Occidente,201911,3,0.683711891169683,0.292602939390259,0.0236851694400583
2106072,21,607 - Centro Comercial Floresta Outlet,Bogota Norte,Calle 72,201911,3,0.727489893421536,0.258360896729144,0.0141492098493201
2106082,21,608 - Tocaima,Central,Girardot,201911,2,0.698049969530774,0.268738574040219,0.0332114564290067
2106092,21,609 - Centro Comercial Carulla Pance,Occidente,Cali Sur,201911,2,0.638606228800493,0.342892383595436,0.0185013876040703
2106112,21,611 - Ubate,Oriente,Boyaca y Norte de Cundinamarca,201911,4,0.557648325036997,0.411946724068344,0.030404950894659
2106122,21,612 - Tulua,Occidente,Valle del Cauca,201911,4,0.658551430310408,0.269020085209982,0.0724284844796105
2106142,21,614 - Centro Comercial Unicentro Cucuta,Oriente,Norte de Santander y Arauca,201911,3,0.569346356123216,0.402554470323065,0.028099173553719
2106152,21,615 - Centro Comercial Santafe II,Bogota Norte,Autopista Nororiental,201911,3,0.670126297361511,0.310741528073027,0.019132174565462
2106162,21,616 - Tunja,Oriente,Boyaca,201911,5,0.613958560523446,0.343412312877962,0.0426291265985923
2106182,21,618 - Chigorodo,Antioquia,Municipios Antioquia y Choco,201911,2,0.72077139413419,0.223182000803536,0.056046605062274
2106192,21,619 - Villa del Rosario,Oriente,Norte de Santander y Arauca,201911,3,0.797271952259165,0.192497868712702,0.010230179028133
2106202,21,620 - Turbo,Antioquia,Municipios Antioquia y Choco,201911,3,0.616336147653642,0.336933045356371,0.0467308069899863
2106212,21,621 - Centro Empresarial Paralelo 108,Bogota Norte,Calle 72,201911,3,0.692836908134359,0.280250910562525,0.0269121813031161
2106222,21,622 - Calle 104 Avenida 19,Bogota Norte,Carrera Septima,201911,3,0.66046123923312,0.307029730480689,0.0325090302861906
2106242,21,624 - Parque Agroindustrial,Bogota Norte,Occidental,201911,2,0.694063926940639,0.274733637747336,0.0312024353120244
2106252,21,625 - Puerto Rico,Central,Huila - Caqueta,201911,2,0.564025909317389,0.428001993024415,0.00797209765819631
2106272,21,627 - Carrera 38,Costa,Barranquilla Centro,201911,3,0.72488858416181,0.243057936235859,0.0320534796023312
2106282,21,628 - Valledupar,Costa,Cesar,201911,4,0.613649289099526,0.325687203791469,0.0606635071090047
2106302,21,630 - Sector Vivero,Costa,Barranquilla Centro,201911,2,0.725611644471973,0.250851656859709,0.0235366986683184
2106313,21,631 - Ciudad Empresarial Organizacion Luis Carlos Sarmiento,Direccion Banca Premium,No hay informacion,201911,1,0.410169491525424,0.586440677966102,0.00338983050847458
2106322,21,632 - Tocancipa,Oriente,Boyaca y Norte de Cundinamarca,201911,2,0.677827380952381,0.296688988095238,0.025483630952381
2106332,21,633 - Unicentro Pereira,Antioquia,Risaralda,201911,3,0.632870286848277,0.347645679235071,0.0194840339166516
2106342,21,634 - San Lucas Plaza,Antioquia,Medellin El Poblado,201911,2,0.680570801317234,0.290523234540798,0.0289059641419685
2106362,21,636 - Villavicencio,Central,Villavicencio,201911,3,0.620183486238532,0.358584534731324,0.0212319790301442
2106372,21,637 - World Trade Center,Bogota Norte,Carrera Septima,201911,4,0.625840179238238,0.315907393577296,0.058252427184466
2106382,21,638 - Centro Comercial Santa Lucia Plaza,Central,Neiva - Tolima,201911,2,0.638696939782823,0.337117472852912,0.0241855873642646
2106392,21,639 - Vipasa,Occidente,Cali Norte,201911,3,0.724161073825503,0.251342281879195,0.024496644295302
2106402,21,640 - La Vega,Central,Magdalena Alto,201911,2,0.571888412017167,0.385729613733906,0.042381974248927
2106412,21,641 - Bella Suiza,Bogota Norte,Santa Barbara,201911,2,0.693865570883475,0.289404167889639,0.0167302612268858
2106432,21,643 - Ciudad Bolivar,Antioquia,Municipios Antioquia,201911,2,0.621325361235675,0.310911808669656,0.0677628300946687
2106442,21,644 - Yarumal,Antioquia,Municipios Antioquia,201911,4,0.676744186046512,0.303594080338266,0.019661733615222
2106454,21,645 - Oficina de Recaudos y Pagos Carrera Primera,Occidente,No hay informacion,201911,3,0.756604087057651,0.233095198537963,0.0103007144043861
2106462,21,646 - Yopal,Oriente,Casanare y Bucaramanga,201911,4,0.669379310344828,0.287448275862069,0.0431724137931035
2106482,21,648 - Yumbo,Occidente,Cali Aeropuerto,201911,3,0.706699928724163,0.252851033499644,0.0404490377761939
2106492,21,649 - Centro Comercial Nuestro Uraba,Antioquia,Municipios Antioquia y Choco,201911,2,0.530905077262693,0.465415746872701,0.00367917586460633
2106522,21,652 - Purificacion,Central,Neiva - Tolima,201911,2,0.744815668202765,0.238479262672811,0.016705069124424
2106532,21,653 - Guayabal Box,Antioquia,Sur Valle Aburra,201911,2,0.720935900560566,0.24640506946137,0.0326590299780648
2106551,21,655 - Escuela Militar de Cadetes General Jose Maria Cordoba,Bogota Norte,Occidental,201911,1,0.747720364741641,0.243161094224924,0.00911854103343465
2106562,21,656 - Zarzal,Occidente,Valle del Cauca,201911,4,0.613333333333333,0.349614035087719,0.0370526315789474
2106572,21,657 - Centro Comercial Los Mayales,Costa,Cesar,201911,2,0.605445426319561,0.359923572963936,0.0346310007165035
2106583,21,658 - Edificio Banco de Bogota Barranquilla,Direccion Banca Premium,No hay informacion,201911,1,0.530386740331492,0.462246777163904,0.00736648250460405
2106594,21,659 - Oficina de Recaudos y Pagos Cartagena,Costa,No hay informacion,201911,3,0.724575404133415,0.258031512175159,0.0173930836914262
2106602,21,660 - Zipaquira,Central,Sabana,201911,5,0.655074183976261,0.295192878338279,0.04973293768546
2106634,21,663 - Oficina de Recaudos y Pagos Calle 128,Bogota Norte,No hay informacion,201911,4,0.656828131619828,0.331874029091936,0.0112978392882361
2106684,21,668 - Oficina de Recaudos y Pagos Avenida 40 Villavicencio,Central,No hay informacion,201911,3,0.650268054241564,0.306054872280038,0.043677073478398
2106714,21,671 - Oficina de Recaudos y Pagos La Campina,Occidente,No hay informacion,201911,3,0.748420352510808,0.240272697040239,0.0113069504489524
2106747,21,674 - Providencia,Costa,Bolivar - San Andres/Prov.,201911,2,0.793993430314406,0.201548568747067,0.00445800093852651
2106752,21,675 - Centro Comercial Le Champ,Costa,Barranquilla Norte,201911,2,0.640542577241899,0.341748304446119,0.0177091183119819
2106762,21,676 - Paipa,Oriente,Boyaca,201911,2,0.709130672498633,0.268999453253144,0.0218698742482231
2106772,21,677 - Centro Comercial Premium Plaza,Antioquia,Medellin El Poblado,201911,4,0.647784252608755,0.323350047431901,0.0288656999593441
2106782,21,678 - Centro Comercial La 14 Valle de Lili,Occidente,Cali Sur,201911,3,0.649643366619116,0.330670470756063,0.0196861626248217
2106792,21,679 - Centro Comercial Rio Cauca,Occidente,Cali Oriente,201911,3,0.659068052296346,0.302547770700637,0.0383841770030171
2106922,21,692 - Tumaco,Occidente,Narino - Cauca,201911,3,0.56509932828355,0.390595969701301,0.0443047020151494
2106932,21,693 - Unicentro Pasto,Occidente,Narino - Cauca,201911,3,0.606732348111659,0.350301039956212,0.0429666119321292
2106942,21,694 - Unicentro Bogota Entrada 7,Bogota Norte,Santa Barbara,201911,5,0.573651698740794,0.405559515324305,0.0207887859349014
2106952,21,695 - Puerto Carreno,Central,Magdalena Alto,201911,2,0.746896923907178,0.250944414463033,0.00215866162978953
2106972,21,697 - Puerto Lopez,Central,Meta,201911,2,0.674647425385372,0.301082322072811,0.024270252541817
2106991,21,699 - Base Militar Larandia,Central,Huila - Caqueta,201911,1,0.743016759776536,0.256983240223464,0
2107042,21,704 - Quirinal,Central,Neiva - Tolima,201911,2,0.691784869976359,0.259751773049645,0.0484633569739953
2107052,21,705 - Castilla La Nueva,Central,Meta,201911,1,0.699208443271768,0.259014951627089,0.0417766051011434
2107087,21,708 - Extension de Oficina Madrid,Central,Cundinamarca,201911,2,0.695528898582334,0.240785169029444,0.0636859323882225
2107502,21,750 - Guamo,Central,Neiva - Tolima,201911,2,0.70177198261451,0.277833500501505,0.0203945168839853
2107522,21,752 - Centro Comercial Avesmaria,Antioquia,Sur Valle Aburra,201911,3,0.719464500601685,0.256468110709988,0.0240673886883273
2107672,21,767 - Chaparral,Central,Neiva - Tolima,201911,2,0.713924761370017,0.254912970241437,0.0311622683885458
2107812,21,781 - Montenegro,Antioquia,Quindio,201911,2,0.674440592499212,0.298770879294044,0.0267885282067444
2107922,21,792 - Calle Septima Neiva,Central,Neiva - Tolima,201911,2,0.663373672511731,0.292170906396641,0.0444554210916276
2107932,21,793 - Pitalito,Central,Huila - Caqueta,201911,2,0.561172668513389,0.395891043397969,0.0429362880886427
2107962,21,796 - Bosa Centro,Bogota Sur,Autopista Sur,201911,3,0.723803278688525,0.234491803278689,0.0417049180327869
2107982,21,798 - Subachoque,Central,Cundinamarca,201911,2,0.6477704804701,0.332526788800553,0.0197027307293467
2107992,21,799 - Calera,Central,Sabana,201911,2,0.708094144661309,0.270952927669346,0.0209529276693456
2108002,21,800 - Planeta Rica,Costa,No hay informacion,201911,2,0.598784194528875,0.374240121580547,0.0269756838905775
2108012,21,801 - Engativa,Bogota Sur,Calle 26,201911,3,0.694258809234508,0.291160388821385,0.0145808019441069
2108022,21,802 - Centro Suba,Bogota Norte,Noroccidente,201911,3,0.719757508955635,0.257922292642601,0.0223201984017636
2108042,21,804 - Puerto Gaitan,Central,Meta,201911,2,0.60690737833595,0.350078492935636,0.0430141287284144
2108072,21,807 - Centro Comercial Unicentro Tunja,Oriente,Boyaca,201911,2,0.541152263374486,0.441243712848651,0.0176040237768633
2108082,21,808 - Centro Comercial Puerta del Norte,Antioquia,Noroccidente Valle Aburra,201911,3,0.651190956802584,0.317588480689006,0.0312205625084107
2108102,21,810 - Centro Comercial Metropolitano,Costa,Barranquilla Sur,201911,3,0.731468332859983,0.238852598693553,0.0296790684464641
2108112,21,811 - La Gran Via,Antioquia,Medellin Occidental,201911,3,0.73751812720116,0.237828879221048,0.0246529935777916
2108124,21,812 - Oficina de Recaudos y Pagos Avenida Sexta,Occidente,No hay informacion,201911,3,0.765712554899288,0.217931243374224,0.016356201726488
2108154,21,815 - Oficina de Recaudos y Pagos Yumbo,Occidente,No hay informacion,201911,3,0.824382794604225,0.160600661745991,0.0150165436497837
2108172,21,817 - Centro Comercial Campanario,Occidente,Narino - Cauca,201911,4,0.483776244310674,0.467038614006754,0.0491851416825723
2108222,21,822 - Megacity,Central,Sabana,201911,3,0.553841759497287,0.418737503570408,0.0274207369323051
2108252,21,825 - El Zulia,Oriente,Norte de Santander y Arauca,201911,1,0.713839285714286,0.253125,0.0330357142857143
2108273,21,827 - Premium Edificio Banco de Bogota,Direccion Banca Premium,Premium Occidente,201911,1,0.534711964549483,0.451994091580502,0.0132939438700148
2108284,21,828 - Oficina de Recaudos y Pagos Imbanaco,Occidente,No hay informacion,201911,3,0.722473604826546,0.20747444276856,0.0700519524048936
2108292,21,829 - Centro Comercial Nuestro Monteria,Costa,No hay informacion,201911,2,0.614915442195731,0.351261436096479,0.0338231217077904
2108302,21,830 - Soledad Atlantico,Costa,Barranquilla Sur,201911,2,0.755842864246644,0.195176529090005,0.0489806066633516
2108342,21,834 - Foscal Internacional,Oriente,Casanare y Bucaramanga,201911,1,0.717075892857143,0.263950892857143,0.0189732142857143
2108352,21,835 - Sahagun,Costa,Sucre,201911,2,0.62152655645445,0.361589869855786,0.0168835736897643
2108362,21,836 - Murillo Toro,Central,Tolima,201911,2,0.685436893203884,0.285436893203884,0.029126213592233
2108372,21,837 - Los Ocobos,Central,Tolima,201911,3,0.665457184325109,0.297532656023222,0.0370101596516691
2108402,21,840 - Fresno,Central,Magdalena Alto,201911,2,0.642449600608597,0.328642069227843,0.0289083301635603
2108412,21,841 - Manzanares,Antioquia,Caldas,201911,1,0.636674259681093,0.335990888382688,0.0273348519362187
2108422,21,842 - Parque Lago Uribe - Pereira,Antioquia,Risaralda,201911,3,0.676194450239933,0.275818902566242,0.0479866471938243
2108452,21,845 - Ciudad Milagro Armenia,Antioquia,Quindio,201911,3,0.669571045576408,0.276541554959786,0.053887399463807
2108472,21,847 - Anserma,Antioquia,Caldas,201911,2,0.719027181688126,0.261802575107296,0.019170243204578
2108482,21,848 - Riosucio,Antioquia,Caldas,201911,2,0.64455110107284,0.303218520609825,0.0522303783173348
2108492,21,849 - Carrera 33 Cabecera,Oriente,Bucaramanga,201911,2,0.648697916666667,0.31328125,0.0380208333333333
2108502,21,850 - Parque Uribe - Barrancabermeja,Oriente,Magdalena Medio,201911,2,0.671842105263158,0.308684210526316,0.0194736842105263
2108522,21,852 - Villa Julia,Central,Villavicencio,201911,4,0.68375499334221,0.299600532623169,0.0166444740346205
2108532,21,853 - Cumaral,Central,Villavicencio,201911,3,0.698557488332626,0.281077641069156,0.0203648705982181
2108552,21,855 - Rio Cravo,Oriente,Casanare y Bucaramanga,201911,3,0.675518134715026,0.310880829015544,0.0136010362694301
2108614,21,861 - Oficina de Recaudos y Pagos Buenaventura,Occidente,No hay informacion,201911,3,0.701171137136381,0.261805817907065,0.0370230449565546
2108624,21,862 - Oficina de Recaudos y Pagos Centro Comercial Mercurio,Bogota Sur,No hay informacion,201911,5,0.72451622733506,0.250419015694042,0.0250647569708975
2108632,21,863 - Centro Comercial Guatapuri,Costa,Cesar,201911,2,0.581665150136488,0.389672429481347,0.0286624203821656
2108654,21,865 - Oficina de Recaudos y Pagos Sector Estadio Medellin,Antioquia,No hay informacion,201911,3,0.728279181708785,0.232009626955475,0.0397111913357401
2108687,21,868 - Extension de Oficina Ingredion Colombia,Occidente,Cali Norte,201911,1,0.807453416149068,0.152173913043478,0.0403726708074534
2108692,21,869 - Centro Comercial Premier Limonar,Occidente,Cali Sur,201911,3,0.716849760173294,0.248491412656661,0.0346588271700449
2108742,21,874 - Centro Comercial Miramar,Costa,Barranquilla Norte,201911,2,0.658072590738423,0.326157697121402,0.0157697121401752
2108793,21,879 - Oficina Premium Calle 36,Direccion Banca Premium,Premium Bogota 2,201911,1,0.371657754010695,0.617647058823529,0.0106951871657754
2108802,21,880 - Monteria Norte,Costa,No hay informacion,201911,2,0.581779053084649,0.376255380200861,0.0419655667144907
2108814,21,881 - Oficina de Recaudos y Pagos Cabecera,Oriente,No hay informacion,201911,4,0.684154175588865,0.267428027599334,0.0484177968118011
2108852,21,885 - Anapoima,Central,Girardot,201911,2,0.723639717184138,0.268060252075008,0.0083000307408546
2108894,21,889 - Oficina de Recaudos y Pagos Plaza Bolivar Pereira,Antioquia,No hay informacion,201911,5,0.752941176470588,0.209871534820825,0.0371872887085869
2108952,21,895 - Moniquira,Oriente,Boyaca y Norte de Cundinamarca,201911,2,0.512479201331115,0.46089850249584,0.0266222961730449
2108972,21,897 - Caucasia,Antioquia,Municipios Antioquia y Choco,201911,3,0.577356970185334,0.394439967767929,0.0282030620467365
2108991,21,899 - Universidad El Bosque,Bogota Norte,Santa Barbara,201911,2,0.747216494845361,0.241649484536083,0.0111340206185567
2109002,21,900 - Centro Comercial Cacique,Oriente,Bucaramanga,201911,3,0.568144273127753,0.402120044052863,0.0297356828193833
2109064,21,906 - Oficina de Recaudos y Pagos Calle 72,Costa,No hay informacion,201911,4,0.709410288582183,0.26474278544542,0.0258469259723965
2109072,21,907 - Centro Comercial Caribe Plaza,Costa,Bolivar - San Andres/Prov.,201911,3,0.621515679442509,0.349303135888502,0.0291811846689896
2109102,21,910 - Centro Comercial Portal del Prado,Costa,Barranquilla Centro,201911,2,0.642195909580194,0.331108719052745,0.0266953713670614
2109112,21,911 - Centro Comercial Viva Buenaventura,Occidente,Valle del Cauca,201911,3,0.552673904302372,0.415359871330921,0.0319662243667069
2109122,21,912 - Centro Comercial Pereira Plaza,Antioquia,Risaralda,201911,2,0.648117232424411,0.307920608421443,0.0439621591541458
2109132,21,913 - Centro Comercial Victoria Plaza,Antioquia,Risaralda,201911,2,0.695230769230769,0.266615384615385,0.0381538461538462
2109142,21,914 - Guarne,Antioquia,Municipios Antioquia,201911,2,0.703178206583428,0.265323496027242,0.0314982973893303
2109202,21,920 - Siberia,Central,Sabana,201911,2,0.662438625204583,0.315466448445172,0.0220949263502455
2109243,21,924 - Oficina Premium Urban Plaza,Direccion Banca Premium,Premium Bogota 1,201911,1,0.321724709784411,0.616915422885572,0.0613598673300166
2109372,21,937 - Gigante,Central,Huila - Caqueta,201911,1,0.70097244732577,0.279578606158833,0.0194489465153971
2109397,21,939 - Terminal de Transportes Pasto,Occidente,Narino - Cauca,201911,2,0.656514382402707,0.311336717428088,0.0321489001692047
2109422,21,942 - Santuario,Antioquia,Municipios Antioquia,201911,1,0.684878587196468,0.291390728476821,0.0237306843267108
2109482,21,948 - Centro Comercial Miraflores,Bogota Sur,Autopista Sur,201911,2,0.760484993043133,0.220830848737825,0.0186841582190419
2109653,21,965 - San Fernando Plaza,Direccion Banca Premium,Premium Antioquia,201911,1,0.480769230769231,0.513736263736264,0.0054945054945055
2109683,21,968 - Centro Comercial Unicentro Cali,Direccion Banca Premium,Premium Occidente,201911,1,0.55761316872428,0.439300411522634,0.00308641975308642
2109753,21,975 - Barranquilla,Direccion Banca Premium,No hay informacion,201911,1,0.616842105263158,0.36,0.0231578947368421
2109792,21,979 - Alameda Reyes,Antioquia,Municipios Antioquia y Choco,201911,3,0.592850423330198,0.361618062088429,0.0455315145813735
2109802,21,980 - San Pedro de Los Milagros,Antioquia,Municipios Antioquia,201911,2,0.705882352941177,0.257173601147776,0.0369440459110473
2109812,21,981 - Centro Comercial Unicentro Armenia,Antioquia,Quindio,201911,3,0.566217044757817,0.400827713059473,0.03295524218271
2109832,21,983 - La Estrella,Antioquia,Sur Valle Aburra,201911,2,0.782399547255235,0.193831352574986,0.0237691001697793
2109842,21,984 - Puerto Boyaca,Antioquia,Municipios Antioquia y Choco,201911,2,0.584566596194503,0.356501057082452,0.0589323467230444
2109853,21,985 - Cabecera - Bucaramanga,Direccion Banca Premium,No hay informacion,201911,1,0.435540069686411,0.529616724738676,0.0348432055749129
2109892,21,989 - Calle 122 Carrera 15A,Bogota Norte,Santa Barbara,201911,3,0.628122109158187,0.347132284921369,0.024745605920444
2109912,21,991 - El Porvenir,Occidente,Cali Centro,201911,3,0.643735588009224,0.336471944657955,0.0197924673328209
2109932,21,993 - Villanueva,Oriente,Casanare y Bucaramanga,201911,2,0.645799011532125,0.322664156272064,0.0315368321958108
2109944,21,994 - Oficina de Recaudos y Pagos Itagui,Antioquia,No hay informacion,201911,3,0.756751099016119,0.2141511408834,0.0290977601004815
2109962,21,996 - Centro Empresarial Americas,Costa,Barranquilla Norte,201911,2,0.777451938742261,0.209514499837081,0.0130335614206582
2109977,21,997 - Becerril ( depende de la oficina 224 Codazzi),Costa,Cesar,201911,1,0.667891256429096,0.323291697281411,0.00881704628949302
2114025,21,R1402 - Extension de Caja Oficina Principal,Bogota Sur,No hay informacion,201911,2,0.745461147421932,0.247276688453159,0.00726216412490922
2114035,21,R1403 - Extension de Caja Good Year,Occidente,No hay informacion,201911,1,0.737597911227154,0.25065274151436,0.0117493472584856
2114065,21,R1406 - Sociedad Portuaria de San Andres,Costa,No hay informacion,201911,1,0.742857142857143,0.25,0.00714285714285714
2114075,21,R1407 - Extension de Caja Yondo,Oriente,No hay informacion,201911,1,0.876892430278885,0.11792828685259,0.0051792828685259
2114115,21,R1411 - Extension de Caja Belen de Umbria,Antioquia,No hay informacion,201911,1,0.678714859437751,0.299866131191432,0.0214190093708166
2114125,21,R1412 - Secretaria deTransito Municipal Palmira,Occidente,No hay informacion,201911,1,0.557251908396947,0.442748091603053,0
2114135,21,R1413 - Extension de Caja Fondo Nacional del Ahorro,Bogota Sur,No hay informacion,201911,1,0.797554347826087,0.107336956521739,0.0951086956521739
2114145,21,R1414 - Extension de Caja Gobernacion de Arauca,Oriente,No hay informacion,201911,1,0.97179125528914,0.027080394922426,0.00112834978843441
2114155,21,R1415 - Barranca de Upia,Oriente,Casanare y Bucaramanga,201911,1,0.81038374717833,0.18359668924003,0.00601956358164033
2114165,21,R1416 - Cecar,Costa,No hay informacion,201911,1,0.917424242424243,0.0803030303030303,0.00227272727272727
2114175,21,R1417 - Alcaldia de Tumaco,Occidente,No hay informacion,201911,1,0.882539682539683,0.117460317460317,0
2114185,21,R1418 - Municipio de Barrancabermeja,Oriente,No hay informacion,201911,2,0.895343014521783,0.103655483224837,0.00100150225338007
2114215,21,R1421 - Cantagallo,Oriente,No hay informacion,201911,1,0.74591381872214,0.24888558692422,0.00520059435364042
2114255,21,R1425 - Nilo,Central,No hay informacion,201911,1,0.864674868189807,0.116871704745167,0.0184534270650264
2114265,21,R1426 - Puerto Colombia,Costa,No hay informacion,201911,1,0.778063410454156,0.22107969151671,0.000856898029134533
2114275,21,R1427 - Municipio san Jose de Cucuta,Oriente,Norte de Santander y Arauca,201911,1,0.844155844155844,0.155324675324675,0.00051948051948052
2114285,21,R1428 - Gobernacion San Andres,Costa,No hay informacion,201911,1,0.86649384316267,0.127673363577447,0.00583279325988334
2114295,21,R1429 - Extension de Caja El Paso Cesar,Costa,No hay informacion,201911,1,0.729442970822281,0.255968169761273,0.0145888594164456
2114305,21,R1430 - Abbott,Bogota Norte,No hay informacion,201911,1,0.84297520661157,0.140495867768595,0.0165289256198347
2114425,21,R1442 - Universidad Santo Tomas Floridablanca,Oriente,No hay informacion,201911,1,0.971411554496724,0.0285884455032758,0
2114435,21,R1443 - Copetran,Oriente,No hay informacion,201911,1,0.542020774315392,0.452313503305005,0.0056657223796034
2114495,21,R1449 - Universidad Santo Tomas Sede Calle 72,Bogota Norte,No hay informacion,201911,1,0.938709677419355,0.0612903225806452,0
2114505,21,R1450 - Cucunuba,Oriente,No hay informacion,201911,1,0.784682080924856,0.205202312138728,0.0101156069364162
2114535,21,R1453 - Cabuyaro,Central,No hay informacion,201911,1,0.698660714285714,0.283482142857143,0.0178571428571429
2114555,21,R1455 - Gobernacion del Meta,Central,No hay informacion,201911,1,0.874331550802139,0.123885918003565,0.0017825311942959
2114565,21,R1456 - Alcaldia Municipio Quibdo,Antioquia,No hay informacion,201911,1,0.741369863013699,0.052054794520548,0.206575342465753
2114585,21,R1458 - Sincelejo,Costa,No hay informacion,201911,2,0.650967741935484,0.312258064516129,0.0367741935483871
2116015,21,R1601 - Almaviva Carrera 47,Bogota Sur,No hay informacion,201911,1,0.913173652694611,0.0868263473053892,0
2116045,21,R1604 - Alcaldia Francisco El Hombre,Costa,No hay informacion,201911,2,0.817786370227163,0.181730304494925,0.000483325277912035
2116085,21,R1608 - Expreso Brasilia,Costa,No hay informacion,201911,1,0.838589981447124,0.161410018552876,0
2116105,21,R1610 - Almaviva Manga,Costa,No hay informacion,201911,1,0.528508771929825,0.451754385964912,0.0197368421052632
2116115,21,R1611 - Almaviva El Bosque,Costa,No hay informacion,201911,1,0.874739039665971,0.125260960334029,0
2116125,21,R1612 - Guadalupe,Bogota Sur,No hay informacion,201911,2,0.338683262364887,0.659679004258107,0.00163773337700622
2116155,21,R1615 - Universidad Libre La Candelaria,Bogota Sur,No hay informacion,201911,1,0.936608557844691,0.063391442155309,0
2116165,21,R1616 - Universidad Libre Bosque Popular,Bogota Sur,No hay informacion,201911,1,0.931937172774869,0.0680628272251309,0
2116175,21,R1617 - Politecnico GranColombiano,Bogota Sur,No hay informacion,201911,1,0.880794701986755,0.0640176600441501,0.0551876379690949
2116215,21,R1621 - Almaviva Buenaventura,Occidente,No hay informacion,201911,1,0.74370709382151,0.25629290617849,0
2116235,21,R1623 - Laboratorios Baxter,Occidente,No hay informacion,201911,1,0.838709677419355,0.158808933002481,0.00248138957816377
2116255,21,R1625 - Candelaria,Occidente,No hay informacion,201911,1,0.940239043824701,0.0597609561752988,0
2116275,21,R1627 - Sociedad Portuaria Regional Buenaventura,Occidente,No hay informacion,201911,1,0.720570749108205,0.27705112960761,0.00237812128418549
2116305,21,R1630 - Florida,Occidente,No hay informacion,201911,1,0.787234042553192,0.0653495440729483,0.14741641337386
2116365,21,R1636 - Centro Diagnostica Automotriz del Valle - Salomia,Occidente,No hay informacion,201911,1,1,0,0
2116605,21,R1660 - Fidubogota,Bogota Norte,No hay informacion,201911,1,0.828644501278772,0.132992327365729,0.0383631713554987
2116615,21,R1661 - Gobernacion Magdalena,Costa,No hay informacion,201911,1,0.917168674698795,0.0828313253012048,0
2116635,21,R1663 - Departamento Norte Santander,Oriente,No hay informacion,201911,1,0.980108499095841,0.0198915009041591,0
2116695,21,R1669 - Electrificadora de Santander,Oriente,No hay informacion,201911,2,0.959863364645602,0.0396242527754056,0.000512382578992314
2116715,21,R1671 - Segunda Extension de Caja Universidad del  Cauca,Occidente,No hay informacion,201911,1,0.901204819277108,0.0975903614457831,0.00120481927710843
2116735,21,R1673 - Extension de Caja Municipio Buenaventura,Occidente,No hay informacion,201911,1,0.76504854368932,0.23495145631068,0
2116745,21,R1674 - Extension de Caja Universidad Pontificia Bolivariana,Oriente,No hay informacion,201911,1,0.910823170731707,0.0891768292682927,0
2116765,21,R1676 - Extension de Caja La Previsora,Bogota Norte,No hay informacion,201911,1,0.814655172413793,0.125,0.0603448275862069
2116785,21,R1678 - Alcaldia Municipal de Los Patios,Oriente,No hay informacion,201911,1,0.944595821980018,0.0554041780199818,0
2116805,21,R1680 - Extension de Caja Tesoreria del Valle,Occidente,No hay informacion,201911,1,0.808232603724273,0.0565174779483829,0.135249918327344
2116815,21,R1681 - La Aguacatala,Antioquia,No hay informacion,201911,1,0.888132295719844,0.107976653696498,0.00389105058365759
2116835,21,R1683 - Gobernacion de La Guajira,Costa,No hay informacion,201911,1,0.596491228070175,0.403508771929825,0
2116845,21,R1684 - Municipio de Yumbo,Occidente,No hay informacion,201911,1,0.95962389380531,0.0403761061946903,0
2116865,21,R1686 - Extension de Caja Universidad de la Sabana,Bogota Norte,No hay informacion,201911,1,0.803225806451613,0.191935483870968,0.00483870967741936
2116955,21,R1695 - Pueblo  Bello,Costa,No hay informacion,201911,2,0.577659574468085,0.415957446808511,0.00638297872340426
2116975,21,R1697 - Gobernacion de Boyaca,Oriente,No hay informacion,201911,1,0.951681667456182,0.0468972051160587,0.00142112742775936
2116985,21,R1698 - Tibasosa,Oriente,No hay informacion,201911,1,0.917631917631918,0.0733590733590734,0.00900900900900901
2116995,21,R1699 - Alcaldia de Arauca,Oriente,No hay informacion,201911,1,0.921301154249738,0.0771248688352571,0.00157397691500525
2200152,22,15 - Centro Comercial Calima Bogota,Bogota Sur,Teusaquillo,201911,4,0.532967032967033,0.442700156985871,0.0243328100470958
2200242,22,24 - Centro Comercial Diver plaza,Bogota Norte,Occidental,201911,4,0.657446808510638,0.330851063829787,0.0117021276595745
2200252,22,25 - Plaza de las Americas,Bogota Sur,Occidente,201911,4,0.589110707803993,0.382940108892922,0.0279491833030853
2200472,22,47 - Unicentro Bogota Entrada Principal,Bogota Norte,Santa Barbara,201911,2,0.567617866004963,0.424937965260546,0.00744416873449132
2201292,22,129 - Venecia Central,Bogota Sur,Autopista Sur,201911,2,0.702620967741936,0.279233870967742,0.0181451612903226
2201372,22,137 - Arauca,Oriente,Norte de Santander y Arauca,201911,2,0.614219881500988,0.365371955233706,0.0204081632653061
2201512,22,151 - Centro Nelmar,Costa,Barranquilla Centro,201911,3,0.652561247216036,0.324276169265033,0.023162583518931
2201612,22,161 - Ciudad Tunal,Bogota Sur,Zona Industrial,201911,3,0.596138044371405,0.369761709120789,0.0341002465078061
2201652,22,165 - Autopista El Dorado,Bogota Sur,Calle 26,201911,3,0.835460992907801,0.164539007092199,0
2201682,22,168 - Barrancabermeja,Oriente,Magdalena Medio,201911,3,0.483823529411765,0.491911764705882,0.0242647058823529
2201792,22,179 - Centro Comercial Casablanca,Central,Cundinamarca,201911,2,0.615530303030303,0.330492424242424,0.0539772727272727
2201872,22,187 - Centro Comercial Buenavista,Costa,Barranquilla Norte,201911,3,0.589357429718876,0.382530120481928,0.0281124497991968
2201912,22,191 - Centro Comercial Titan Plaza,Bogota Norte,Occidental,201911,2,0.53740779768177,0.426765015806112,0.035827186512118
2201982,22,198 - Unicentro Villavicencio,Central,Villavicencio,201911,3,0.55006105006105,0.432234432234432,0.0177045177045177
2202012,22,201 - Gran Plaza Florencia,Central,Huila - Caqueta,201911,3,0.568042142230026,0.42054433713784,0.0114135206321335
2202032,22,203 - Canaveral,Oriente,Casanare y Bucaramanga,201911,2,0.605675877520538,0.36370425690814,0.0306198655713219
2202142,22,214 - Centro Comercial San Diego,Antioquia,Medellin El Poblado,201911,4,0.625255623721881,0.347648261758691,0.0270961145194274
2202172,22,217 - Centro Comercial Oviedo,Antioquia,Medellin El Poblado,201911,3,0.531737773152966,0.455775234131114,0.0124869927159209
2202362,22,236 - Centro Comercial Los Molinos,Antioquia,Medellin Occidental,201911,4,0.682947729220223,0.287489288774636,0.0295629820051414
2202372,22,237 - Centro Comercial Plaza Imperial,Bogota Norte,Noroccidente,201911,4,0.594415522953147,0.379081874112636,0.0265026029342168
2202442,22,244 - Centro Comercial San Pedro Plaza,Central,Neiva - Tolima,201911,4,0.619825708061002,0.337145969498911,0.0430283224400872
2202492,22,249 - Cosmocentro,Occidente,Cali Sur,201911,5,0.543425183118242,0.408440878967562,0.048133937914196
2202722,22,272 - Soacha,Bogota Sur,Autopista Sur,201911,2,0.747668393782383,0.23419689119171,0.0181347150259067
2202742,22,274 - Centro Comercial Hayuelos,Bogota Sur,Zona Industrial,201911,4,0.578436516264428,0.401626442812172,0.0199370409233998
2202822,22,282 - Duitama,Oriente,Boyaca,201911,3,0.577277970011534,0.397923875432526,0.02479815455594
2202992,22,299 - Centro Comercial Gran Estacion,Bogota Sur,Calle 26,201911,5,0.521829521829522,0.457796257796258,0.0203742203742204
2203092,22,309 - Centro Comercial La Estacion Ibague,Central,Tolima,201911,3,0.593073593073593,0.370995670995671,0.0359307359307359
2203152,22,315 - Centro Comercial Alamedas,Costa,No hay informacion,201911,2,0.54344262295082,0.422131147540984,0.0344262295081967
2203642,22,364 - Los Centauros,Banca Oficial II,No hay informacion,201911,3,0.566275167785235,0.407718120805369,0.026006711409396
2203892,22,389 - La Plazuela,Costa,Bolivar - San Andres/Prov.,201911,3,0.694613583138173,0.252927400468384,0.0524590163934426
2203912,22,391 - Chipichape,Occidente,Cali Norte,201911,4,0.491591928251121,0.467488789237668,0.0409192825112108
2203932,22,393 - Centro Comercial Santafe Medellin,Antioquia,Medellin El Poblado,201911,2,0.591690544412607,0.376790830945559,0.0315186246418338
2203962,22,396 - Fusagasuga Centro,Central,Cundinamarca,201911,3,0.598393574297189,0.382864792503347,0.0187416331994645
2204047,22,404 - Centro Comercial Buena Vista Santa Marta,Costa,Magdalena - Guajira,201911,2,0.687975646879757,0.289954337899543,0.0220700152207002
2204092,22,409 - Unicentro Yopal,Oriente,Casanare y Bucaramanga,201911,2,0.577893820713664,0.411662315056571,0.010443864229765
2204462,22,446 - Ocana,Oriente,Magdalena Medio,201911,3,0.495898583146905,0.487695749440716,0.0164056674123788
2204592,22,459 - Pasoancho,Occidente,Cali Sur,201911,3,0.548338368580061,0.420694864048338,0.0309667673716012
2204622,22,462 - Pamplona,Oriente,Norte de Santander y Arauca,201911,1,0.723661485319517,0.2573402417962,0.0189982728842832
2204692,22,469 - Piedecuesta,Oriente,Casanare y Bucaramanga,201911,3,0.567599067599068,0.407342657342657,0.0250582750582751
2204862,22,486 - Unicentro,Occidente,Cali Sur,201911,4,0.553790613718412,0.394223826714801,0.051985559566787
2205002,22,500 - Carrera 11 con 81,Bogota Norte,Carrera Septima,201911,2,0.605175292153589,0.384808013355593,0.010016694490818
2205422,22,542 - Centro Comercial Centro Mayor,Bogota Sur,Zona Industrial,201911,4,0.531301212717142,0.443133398885611,0.0255653883972468
2205512,22,551 - Centro Comercial Unicentro Girardot,Central,Girardot,201911,2,0.680150517403575,0.292568203198495,0.0272812793979304
2205694,22,569 - Oficina de Recaudos y Pagos Canaveral,Oriente,No hay informacion,201911,2,0.65,0.317647058823529,0.0323529411764706
2205832,22,583 - Tolemaida,Central,Girardot,201911,1,0.740740740740741,0.259259259259259,0
2205962,22,596 - Sogamoso,Oriente,Boyaca,201911,2,0.587002096436059,0.380503144654088,0.0324947589098532
2206002,22,600 - Centro Comercial Cabecera,Oriente,Bucaramanga,201911,3,0.601137800252845,0.347029077117573,0.0518331226295828
2206012,22,601 - Centro Comercial Ventura Plaza,Oriente,Norte de Santander y Arauca,201911,3,0.623701605288008,0.335694050991501,0.040604343720491
2206062,22,606 - Tintal Plaza,Bogota Sur,Occidente,201911,3,0.608378170637971,0.370099923136049,0.02152190622598
2206142,22,614 - Centro Comercial Unicentro Cucuta,Oriente,Norte de Santander y Arauca,201911,3,0.566544566544567,0.404151404151404,0.0293040293040293
2206162,22,616 - Tunja,Oriente,Boyaca,201911,3,0.569499155880698,0.396736072031514,0.0337647720877884
2206382,22,638 - Centro Comercial Santa Lucia Plaza,Central,Neiva - Tolima,201911,2,0.591117917304747,0.387442572741195,0.0214395099540582
2206462,22,646 - Yopal,Oriente,Casanare y Bucaramanga,201911,3,0.553409090909091,0.426136363636364,0.0204545454545455
2206634,22,663 - Oficina de Recaudos y Pagos Calle 128,Bogota Norte,No hay informacion,201911,2,0.605797101449275,0.389130434782609,0.00507246376811594
2206942,22,694 - Unicentro Bogota Entrada 7,Bogota Norte,Santa Barbara,201911,5,0.51984300043611,0.459659834278238,0.020497165285652
2208072,22,807 - Centro Comercial Unicentro Tunja,Oriente,Boyaca,201911,2,0.549174443646805,0.431442928930366,0.0193826274228284
2208222,22,822 - Megacity,Central,Sabana,201911,3,0.560295324036095,0.391304347826087,0.0484003281378179
2208814,22,881 - Oficina de Recaudos y Pagos Cabecera,Oriente,No hay informacion,201911,3,0.541371158392435,0.428486997635934,0.0301418439716312
2209002,22,900 - Centro Comercial Cacique,Oriente,Bucaramanga,201911,2,0.633118492811106,0.337630143777888,0.0292513634110065
2209072,22,907 - Centro Comercial Caribe Plaza,Costa,Bolivar - San Andres/Prov.,201911,2,0.614229249011858,0.342292490118577,0.0434782608695652
2209892,22,989 - Calle 122 Carrera 15A,Bogota Norte,Santa Barbara,201911,3,0.52,0.48,0
2216015,22,R1601 - Almaviva Carrera 47,Bogota Sur,No hay informacion,201911,1,0.978313253012048,0.0216867469879518,0
2216105,22,R1610 - Almaviva Manga,Costa,No hay informacion,201911,1,0.525,0.471428571428571,0.00357142857142857
2216155,22,R1615 - Universidad Libre La Candelaria,Bogota Sur,No hay informacion,201911,1,0.936555891238671,0.0634441087613293,0
2216165,22,R1616 - Universidad Libre Bosque Popular,Bogota Sur,No hay informacion,201911,1,0.972972972972973,0.027027027027027,0
2216175,22,R1617 - Politecnico GranColombiano,Bogota Sur,No hay informacion,201911,1,0.85531914893617,0.0978723404255319,0.0468085106382979
2300152,23,15 - Centro Comercial Calima Bogota,Bogota Sur,Teusaquillo,201911,4,0.513850415512465,0.477839335180055,0.00831024930747923
2300242,23,24 - Centro Comercial Diver plaza,Bogota Norte,Occidental,201911,3,0.602040816326531,0.372448979591837,0.0255102040816327
2300252,23,25 - Plaza de las Americas,Bogota Sur,Occidente,201911,4,0.530066815144766,0.432071269487751,0.0378619153674833
2300472,23,47 - Unicentro Bogota Entrada Principal,Bogota Norte,Santa Barbara,201911,2,0.573493975903615,0.409638554216867,0.0168674698795181
2300852,23,85 - Centro Comercial Santa Fe,Bogota Norte,Autopista Nororiental,201911,3,0.582089552238806,0.399253731343284,0.0186567164179104
2301312,23,131 - Centro Comercial Palatino,Bogota Norte,Santa Barbara,201911,3,0.532203389830509,0.454237288135593,0.0135593220338983
2301372,23,137 - Arauca,Oriente,Norte de Santander y Arauca,201911,2,0.546987951807229,0.428915662650602,0.0240963855421687
2301512,23,151 - Centro Nelmar,Costa,Barranquilla Centro,201911,3,0.698529411764706,0.264705882352941,0.0367647058823529
2301612,23,161 - Ciudad Tunal,Bogota Sur,Zona Industrial,201911,3,0.608910891089109,0.366336633663366,0.0247524752475248
2301682,23,168 - Barrancabermeja,Oriente,Magdalena Medio,201911,3,0.46723044397463,0.515856236786469,0.0169133192389006
2301792,23,179 - Centro Comercial Casablanca,Central,Cundinamarca,201911,2,0.586319218241042,0.371335504885993,0.0423452768729642
2301872,23,187 - Centro Comercial Buenavista,Costa,Barranquilla Norte,201911,3,0.587692307692308,0.367692307692308,0.0446153846153846
2301912,23,191 - Centro Comercial Titan Plaza,Bogota Norte,Occidental,201911,2,0.543820224719101,0.433707865168539,0.0224719101123596
2301982,23,198 - Unicentro Villavicencio,Central,Villavicencio,201911,4,0.522603978300181,0.444846292947559,0.0325497287522604
2302012,23,201 - Gran Plaza Florencia,Central,Huila - Caqueta,201911,3,0.577557755775578,0.402640264026403,0.0198019801980198
2302032,23,203 - Canaveral,Oriente,Casanare y Bucaramanga,201911,2,0.593607305936073,0.337899543378995,0.0684931506849315
2302172,23,217 - Centro Comercial Oviedo,Antioquia,Medellin El Poblado,201911,3,0.45360824742268,0.457044673539519,0.0893470790378007
2302282,23,228 - Centro Comercial Paseo San Rafael,Bogota Norte,Noroccidente,201911,3,0.606060606060606,0.363636363636364,0.0303030303030303
2302372,23,237 - Centro Comercial Plaza Imperial,Bogota Norte,Noroccidente,201911,4,0.572481572481573,0.385749385749386,0.0417690417690418
2302392,23,239 - Centro Chia,Bogota Norte,Autopista Nororiental,201911,3,0.461794019933555,0.478405315614618,0.0598006644518272
2302722,23,272 - Soacha,Bogota Sur,Autopista Sur,201911,2,0.761643835616438,0.227397260273973,0.010958904109589
2302752,23,275 - Portal de La 80,Bogota Norte,Occidental,201911,4,0.635616438356164,0.326027397260274,0.0383561643835616
2302822,23,282 - Duitama,Oriente,Boyaca,201911,3,0.551859099804305,0.407045009784736,0.0410958904109589
2302912,23,291 - Centro Comercial Andino,Bogota Norte,Carrera Septima,201911,3,0.664141414141414,0.328282828282828,0.00757575757575758
2302992,23,299 - Centro Comercial Gran Estacion,Bogota Sur,Calle 26,201911,5,0.495126705653021,0.491228070175439,0.01364522417154
2303092,23,309 - Centro Comercial La Estacion Ibague,Central,Tolima,201911,3,0.547457627118644,0.415254237288136,0.0372881355932203
2303152,23,315 - Centro Comercial Alamedas,Costa,No hay informacion,201911,2,0.535483870967742,0.419354838709677,0.0451612903225806
2303252,23,325 - Centro Comercial Fontanar,Bogota Norte,Autopista Nororiental,201911,3,0.545454545454545,0.454545454545455,0
2303642,23,364 - Los Centauros,Banca Oficial II,No hay informacion,201911,3,0.5,0.465174129353234,0.0348258706467662
2303892,23,389 - La Plazuela,Costa,Bolivar - San Andres/Prov.,201911,4,0.669051878354204,0.255813953488372,0.075134168157424
2303912,23,391 - Chipichape,Occidente,Cali Norte,201911,4,0.407327586206897,0.558189655172414,0.0344827586206897
2303932,23,393 - Centro Comercial Santafe Medellin,Antioquia,Medellin El Poblado,201911,2,0.618852459016393,0.323770491803279,0.0573770491803279
2303962,23,396 - Fusagasuga Centro,Central,Cundinamarca,201911,3,0.637755102040816,0.341836734693878,0.0204081632653061
2304047,23,404 - Centro Comercial Buena Vista Santa Marta,Costa,Magdalena - Guajira,201911,2,0.691747572815534,0.288834951456311,0.0194174757281553
2304092,23,409 - Unicentro Yopal,Oriente,Casanare y Bucaramanga,201911,2,0.598233995584989,0.388520971302428,0.0132450331125828
2304462,23,446 - Ocana,Oriente,Magdalena Medio,201911,3,0.433526011560694,0.534682080924856,0.0317919075144509
2304592,23,459 - Pasoancho,Occidente,Cali Sur,201911,3,0.606741573033708,0.359550561797753,0.0337078651685393
2304622,23,462 - Pamplona,Oriente,Norte de Santander y Arauca,201911,2,0.670807453416149,0.304347826086957,0.0248447204968944
2304862,23,486 - Unicentro,Occidente,Cali Sur,201911,4,0.501392757660167,0.37883008356546,0.119777158774373
2305512,23,551 - Centro Comercial Unicentro Girardot,Central,Girardot,201911,2,0.665634674922601,0.287925696594427,0.0464396284829721
2305694,23,569 - Oficina de Recaudos y Pagos Canaveral,Oriente,No hay informacion,201911,2,0.652037617554859,0.269592476489028,0.0783699059561129
2305832,23,583 - Tolemaida,Central,Girardot,201911,1,0.644444444444445,0.333333333333333,0.0222222222222222
2305962,23,596 - Sogamoso,Oriente,Boyaca,201911,3,0.522522522522523,0.45945945945946,0.018018018018018
2306002,23,600 - Centro Comercial Cabecera,Oriente,Bucaramanga,201911,3,0.595026642984014,0.337477797513321,0.0674955595026643
2306012,23,601 - Centro Comercial Ventura Plaza,Oriente,Norte de Santander y Arauca,201911,3,0.638620689655172,0.318620689655172,0.0427586206896552
2306062,23,606 - Tintal Plaza,Bogota Sur,Occidente,201911,3,0.6301775147929,0.341715976331361,0.0281065088757396
2306142,23,614 - Centro Comercial Unicentro Cucuta,Oriente,Norte de Santander y Arauca,201911,3,0.558943089430894,0.402439024390244,0.0386178861788618
2306152,23,615 - Centro Comercial Santafe II,Bogota Norte,Autopista Nororiental,201911,3,0.577608142493639,0.409669211195929,0.0127226463104326
2306162,23,616 - Tunja,Oriente,Boyaca,201911,3,0.594813614262561,0.382495948136143,0.0226904376012966
2306382,23,638 - Centro Comercial Santa Lucia Plaza,Central,Neiva - Tolima,201911,2,0.580808080808081,0.409090909090909,0.0101010101010101
2306634,23,663 - Oficina de Recaudos y Pagos Calle 128,Bogota Norte,No hay informacion,201911,2,0.651162790697675,0.338501291989664,0.0103359173126615
2306942,23,694 - Unicentro Bogota Entrada 7,Bogota Norte,Santa Barbara,201911,5,0.602914389799636,0.38615664845173,0.0109289617486339
2308072,23,807 - Centro Comercial Unicentro Tunja,Oriente,Boyaca,201911,2,0.506142506142506,0.486486486486487,0.00737100737100737
2308222,23,822 - Megacity,Central,Sabana,201911,3,0.540342298288509,0.403422982885086,0.0562347188264059
2309002,23,900 - Centro Comercial Cacique,Oriente,Bucaramanga,201911,2,0.634920634920635,0.35978835978836,0.00529100529100529
2309072,23,907 - Centro Comercial Caribe Plaza,Costa,Bolivar - San Andres/Prov.,201911,3,0.725971370143149,0.261758691206544,0.0122699386503067
